route name,olon,olat,dlon,dlat
DEU-DEHAM_EGY-EGSOK,9.99302,53.55073,32.35,29.65
DEU-DEHAM_ERI-ERMSW,9.99302,53.55073,39.45,15.6
DEU-DEHAM_EGY-EGDAM,9.99302,53.55073,31.81666667,31.41666667
DEU-DEHAM_EGY-EGALY,9.99302,53.55073,29.91666667,31.18333333
DEU-DEHAM_ECU-ECPSJ,9.99302,53.55073,-80.25,-2.7
DEU-DEHAM_ECU-ECPBO,9.99302,53.55073,-79.98333333,-3.266666667
DEU-DEHAM_CHN-CNSHD,9.99302,53.55073,122.4333333,36.86666667
DEU-DEHAM_CHN-CNWIH,9.99302,53.55073,113.1333333,22.58333333
DEU-DEHAM_CHN-CNWEF,9.99302,53.55073,119.1,36.71666667
DEU-DEHAM_CHN-CNWEI,9.99302,53.55073,122.1166667,37.51666667
DEU-DEHAM_CHN-CNSHP,9.99302,53.55073,119.5833333,39.91666667
DEU-DEHAM_CHN-CNQZJ,9.99302,53.55073,118.6,24.93333333
DEU-DEHAM_CHN-CNRZH,9.99302,53.55073,119.5333333,35.38333333
DEU-DEHAM_CHN-CNSHK,9.99302,53.55073,113.9166667,22.48333333
DEU-DEHAM_CHN-CNJNZ,9.99302,53.55073,121.15,41.11666667
DEU-DEHAM_CHN-CNLYG,9.99302,53.55073,119.4333333,34.71666667
DEU-DEHAM_CHN-CNNSA,9.99302,53.55073,113.5833333,22.75
DEU-DEHAM_CHN-CNNTG,9.99302,53.55073,120.85,32.01666667
DEU-DEHAM_CHN-CNFQG,9.99302,53.55073,119.3666667,25.71666667
DEU-DEHAM_CHN-CNHUI,9.99302,53.55073,114.3666667,23.08333333
DEU-DEHAM_CHN-CNHMN,9.99302,53.55073,113.6666667,22.83333333
DEU-DEHAM_CHN-CNJGY,9.99302,53.55073,119.3,25.46666667
DEU-DEHAM_CUB-CUMAR,9.99302,53.55073,-82.75,23
DEU-DEHAM_CPV-CVMIN,9.99302,53.55073,-25,16.88333333
DEU-DEHAM_CUW-CWWIL,9.99302,53.55073,-68.91666667,12.1
DEU-DEHAM_CXR-CXFFC,9.99302,53.55073,105.7166667,-10.41666667
DEU-DEHAM_COL-COTRB,9.99302,53.55073,-76.71666667,8.083333333
DEU-DEHAM_CRI-CRCAL,9.99302,53.55073,-84.71666667,9.95
DEU-DEHAM_CRI-CRMOB,9.99302,53.55073,-83.08333333,10
DEU-DEHAM_CRI-CRLIO,9.99302,53.55073,-83.03333333,10
DEU-DEHAM_CHN-CNZZU,9.99302,53.55073,117.65,24.51666667
DEU-DEHAM_CHN-CNZUH,9.99302,53.55073,113.5666667,22.28333333
DEU-DEHAM_COL-COLET,9.99302,53.55073,-69.93333333,-4.216666667
DEU-DEHAM_COL-COTLU,9.99302,53.55073,-75.58333333,9.533333333
DEU-DEHAM_CHN-CNYPG,9.99302,53.55073,109.2,19.7
DEU-DEHAM_CHN-CNYTN,9.99302,53.55073,119.8666667,26.85
DEU-DEHAM_CHN-CNYIK,9.99302,53.55073,122.2166667,40.65
DEU-DEHAM_CHN-CNZJG,9.99302,53.55073,120.5333333,31.86666667
DEU-DEHAM_GTM-GTSTC,9.99302,53.55073,-88.61666667,15.7
DEU-DEHAM_GUM-GUPIT,9.99302,53.55073,144.6833333,13.43333333
DEU-DEHAM_GNB-GWOXB,9.99302,53.55073,-15.58333333,11.85
DEU-DEHAM_GUF-GFDDC,9.99302,53.55073,-52.26666667,4.85
DEU-DEHAM_GRL-GLGOH,9.99302,53.55073,-51.75,64.18333333
DEU-DEHAM_GLP-GPPTP,9.99302,53.55073,-61.51666667,16.26666667
DEU-DEHAM_FJI-FJLTK,9.99302,53.55073,177.45,-17.61666667
DEU-DEHAM_FJI-FJSUV,9.99302,53.55073,178.45,-18.13333333
DEU-DEHAM_FRO-FOKOL,9.99302,53.55073,-6.883333333,62.11666667
DEU-DEHAM_FRO-FOTHO,9.99302,53.55073,-6.766666667,62.01666667
DEU-DEHAM_IRN-IRBND,9.99302,53.55073,56.26666667,27.18333333
DEU-DEHAM_IRN-IRBKM,9.99302,53.55073,49.1,30.43333333
DEU-DEHAM_IRN-IRBUZ,9.99302,53.55073,50.83333333,28.96666667
DEU-DEHAM_ISL-ISREY,9.99302,53.55073,-21.95,64.15
DEU-DEHAM_IND-INTUT,9.99302,53.55073,78.13333333,8.783333333
DEU-DEHAM_IND-INVTZ,9.99302,53.55073,83.3,17.7
DEU-DEHAM_IRQ-IQUQR,9.99302,53.55073,47.93333333,30.03333333
DEU-DEHAM_IRN-IRASA,9.99302,53.55073,52.6,27.46666667
DEU-DEHAM_JPN-JPUKB,9.99302,53.55073,135.1666667,34.68333333
DEU-DEHAM_JPN-JPMJR,9.99302,53.55073,131.5833333,34.03333333
DEU-DEHAM_JPN-JPMOJ,9.99302,53.55073,130.9666667,33.9
DEU-DEHAM_JPN-JPOSA,9.99302,53.55073,135.5,34.66666667
DEU-DEHAM_JOR-JOAQJ,9.99302,53.55073,35,29.53333333
DEU-DEHAM_JPN-JPHTD,9.99302,53.55073,133.1,34.18333333
DEU-DEHAM_JPN-JPISS,9.99302,53.55073,130.6,32.05
DEU-DEHAM_JPN-JPKKJ,9.99302,53.55073,130.8333333,33.83333333
DEU-DEHAM_IDN-IDPDG,9.99302,53.55073,100.35,-0.95
DEU-DEHAM_IDN-IDPER,9.99302,53.55073,102.8666667,1.066666667
DEU-DEHAM_IDN-IDSRG,9.99302,53.55073,110.4833333,-6.966666667
DEU-DEHAM_IDN-IDSUB,9.99302,53.55073,112.75,-7.233333333
DEU-DEHAM_IDN-IDJKT,9.99302,53.55073,106.8333333,-6.133333333
DEU-DEHAM_IDN-IDDJJ,9.99302,53.55073,140.7,-2.533333333
DEU-DEHAM_IDN-IDKUM,9.99302,53.55073,111.7166667,-2.733333333
DEU-DEHAM_IDN-IDMAK,9.99302,53.55073,119.4,-5.116666667
DEU-DEHAM_IDN-IDBPN,9.99302,53.55073,116.8333333,-1.283333333
DEU-DEHAM_IDN-IDBTM,9.99302,53.55073,104.0333333,1.083333333
DEU-DEHAM_IDN-IDBEN,9.99302,53.55073,116.7166667,-8.866666667
DEU-DEHAM_IDN-IDBOA,9.99302,53.55073,115.2166667,-8.766666667
DEU-DEHAM_HTI-HTCAP,9.99302,53.55073,-72.2,19.75
DEU-DEHAM_HTI-HTLFF,9.99302,53.55073,-72.43333333,18.48333333
DEU-DEHAM_IND-INMRM,9.99302,53.55073,73.78333333,15.4
DEU-DEHAM_IND-INBOM,9.99302,53.55073,72.81666667,18.96666667
DEU-DEHAM_IND-INPRT,9.99302,53.55073,86.61666667,20.31666667
DEU-DEHAM_IND-INPAV,9.99302,53.55073,71.55,20.96666667
DEU-DEHAM_IND-INIXY,9.99302,53.55073,70.21666667,23.03333333
DEU-DEHAM_IND-INKTP,9.99302,53.55073,80.38333333,13.3
DEU-DEHAM_IND-INCCU,9.99302,53.55073,88.35,22.56666667
DEU-DEHAM_IND-INMRM,9.99302,53.55073,73.78333333,15.4
DEU-DEHAM_ISR-ILHFA,9.99302,53.55073,34.98333333,32.8
DEU-DEHAM_IND-INMAA,9.99302,53.55073,80.28333333,13.08333333
DEU-DEHAM_IND-INCOK,9.99302,53.55073,76.23333333,9.966666667
DEU-DEHAM_IND-INHZR,9.99302,53.55073,72.62343557,21.09641041
DEU-DEHAM_IDN-IDTNJ,9.99302,53.55073,104.45,0.916666667
DEU-DEHAM_IDN-IDTMK,9.99302,53.55073,136.55,-4.75
DEU-DEHAM_IDN-IDTUA,9.99302,53.55073,132.7333333,-5.633333333
DEU-DEHAM_MEX-MXPMD,9.99302,53.55073,-92.41666667,14.71666667
DEU-DEHAM_MEX-MXPMS,9.99302,53.55073,-86.86666667,20.83333333
DEU-DEHAM_MEX-MXTAM,9.99302,53.55073,-97.86666667,22.25
DEU-DEHAM_MEX-MXTUX,9.99302,53.55073,-97.4,20.95
DEU-DEHAM_MEX-MXLZC,9.99302,53.55073,-102.1833333,17.95
DEU-DEHAM_MEX-MXZLO,9.99302,53.55073,-104.3,19.05
DEU-DEHAM_MEX-MXMZT,9.99302,53.55073,-106.4,23.4
DEU-DEHAM_MEX-MXPRO,9.99302,53.55073,-92.2,18.18333333
DEU-DEHAM_MEX-MXATM,9.99302,53.55073,-97.91666667,22.4
DEU-DEHAM_MEX-MXCOA,9.99302,53.55073,-94.4,18.13333333
DEU-DEHAM_MEX-MXESE,9.99302,53.55073,-116.6,31.85
DEU-DEHAM_MEX-MXGYM,9.99302,53.55073,-110.8833333,27.91666667
DEU-DEHAM_MMR-MMTLA,9.99302,53.55073,96.25,16.65
DEU-DEHAM_MUS-MUPMA,9.99302,53.55073,63.41666667,-19.68333333
DEU-DEHAM_MDV-MVMLE,9.99302,53.55073,73.5,4.166666667
DEU-DEHAM_NGA-NGONN,9.99302,53.55073,7.15,4.716666667
DEU-DEHAM_NIC-NIRAM,9.99302,53.55073,-84.21666667,12.15
DEU-DEHAM_NAM-NALUD,9.99302,53.55073,15.16666667,-26.65
DEU-DEHAM_NCL-NCNOU,9.99302,53.55073,166.45,-22.26666667
DEU-DEHAM_NCL-NCNOU,9.99302,53.55073,166.45,-22.26666667
DEU-DEHAM_NGA-NGLKK,9.99302,53.55073,3.1,6.45
DEU-DEHAM_MEX-MXVER,9.99302,53.55073,-96.08333333,19.2
DEU-DEHAM_MYS-MYPEN,9.99302,53.55073,100.3166667,5.416666667
DEU-DEHAM_MYS-MYPKG,9.99302,53.55073,101.4,3
DEU-DEHAM_MYS-MYTPP,9.99302,53.55073,103.55,1.366666667
DEU-DEHAM_KOR-KRMAS,9.99302,53.55073,128.5666667,35.2
DEU-DEHAM_KOR-KRMOK,9.99302,53.55073,126.3833333,34.8
DEU-DEHAM_KOR-KRKPO,9.99302,53.55073,129.3666667,36.03333333
DEU-DEHAM_KOR-KRPTK,9.99302,53.55073,127.1,36.96666667
DEU-DEHAM_KOR-KRTJI,9.99302,53.55073,126.7833333,36.96666667
DEU-DEHAM_KOR-KRKUV,9.99302,53.55073,126.7166667,35.98333333
DEU-DEHAM_KOR-KRKAN,9.99302,53.55073,127.7,34.93333333
DEU-DEHAM_KOR-KRINC,9.99302,53.55073,126.6166667,37.45
DEU-DEHAM_COM-KMMUT,9.99302,53.55073,44.38333333,-12.15
DEU-DEHAM_KOR-KRPUS,9.99302,53.55073,129.05,35.13333333
DEU-DEHAM_KOR-KRTSN,9.99302,53.55073,126.3666667,37
DEU-DEHAM_JPN-JPSEN,9.99302,53.55073,130.25,31.81666667
DEU-DEHAM_JPN-JPTYO,9.99302,53.55073,139.75,35.68333333
DEU-DEHAM_JPN-JPYOK,9.99302,53.55073,139.65,35.45
DEU-DEHAM_KHM-KHKOS,9.99302,53.55073,103.5166667,10.6
DEU-DEHAM_MDG-MGEHL,9.99302,53.55073,46.95,-25.06666667
DEU-DEHAM_MDG-MGNOS,9.99302,53.55073,48.25,-13.33333333
DEU-DEHAM_MMR-MMTLA,9.99302,53.55073,96.25,16.65
DEU-DEHAM_LBY-LYKHO,9.99302,53.55073,14.26666667,32.65
DEU-DEHAM_MAR-MACAS,9.99302,53.55073,-7.6,33.58333333
DEU-DEHAM_MDA-MDGIU,9.99302,53.55073,28.18333333,45.46666667
DEU-DEHAM_MNE-MEBAR,9.99302,53.55073,19.08333333,42.08333333
DEU-DEHAM_LBN-LBBEY,9.99302,53.55073,35.48333333,33.83333333
DEU-DEHAM_LKA-LKCMB,9.99302,53.55073,79.85,6.916666667
DEU-DEHAM_LBR-LRMLW,9.99302,53.55073,-10.8,6.3
DEU-DEHAM_KOR-KRUSN,9.99302,53.55073,129.3166667,35.53333333
DEU-DEHAM_KWT-KWSAA,9.99302,53.55073,48.13333333,29.03333333
DEU-DEHAM_KWT-KWSWK,9.99302,53.55073,47.93333333,29.35
DEU-DEHAM_CYM-KYGEC,9.99302,53.55073,-81.38333333,19.3
DEU-DEHAM_NZL-NZNPE,9.99302,53.55073,176.9,-39.46666667
DEU-DEHAM_NZL-NZNSN,9.99302,53.55073,173.2666667,-41.25
DEU-DEHAM_NZL-NZPOE,9.99302,53.55073,170.6,-45.81666667
DEU-DEHAM_NZL-NZTRG,9.99302,53.55073,176.1666667,-37.68333333
DEU-DEHAM_NZL-NZAKL,9.99302,53.55073,174.8,-36.83333333
DEU-DEHAM_NZL-NZBLU,9.99302,53.55073,168.3166667,-46.6
DEU-DEHAM_NZL-NZLYT,9.99302,53.55073,172.7166667,-43.6
DEU-DEHAM_NZL-NZMAP,9.99302,53.55073,174.5,-35.83333333
DEU-DEHAM_NOR-NOTAE,9.99302,53.55073,5.583333333,58.91666667
DEU-DEHAM_NOR-NOTOS,9.99302,53.55073,18.96666667,69.66666667
DEU-DEHAM_NOR-NOTRD,9.99302,53.55073,10.4,63.43333333
DEU-DEHAM_NRU-NRINU,9.99302,53.55073,166.9166667,-0.55
DEU-DEHAM_NOR-NOSKN,9.99302,53.55073,14.9,68.56666667
DEU-DEHAM_NOR-NOSUN,9.99302,53.55073,8.55,62.66666667
DEU-DEHAM_NOR-NOSVE,9.99302,53.55073,5.283333333,61.76666667
DEU-DEHAM_NOR-NOSVJ,9.99302,53.55073,14.55,68.21666667
DEU-DEHAM_PHL-PHTGO,9.99302,53.55073,124.75,8.533333333
DEU-DEHAM_PRI-PRSJU,9.99302,53.55073,-66.08333333,18.45
DEU-DEHAM_PNG-PGMAG,9.99302,53.55073,145.7833333,-5.216666667
DEU-DEHAM_PNG-PGMTK,9.99302,53.55073,147.1,-9.433333333
DEU-DEHAM_PHL-PHBTG,9.99302,53.55073,121.05,13.75
DEU-DEHAM_PHL-PHGES,9.99302,53.55073,125.15,6.116666667
DEU-DEHAM_PAN-PAPTY,9.99302,53.55073,-79.53333333,8.966666667
DEU-DEHAM_PAN-PAROD,9.99302,53.55073,-79.56666667,8.95
DEU-DEHAM_PYF-PFBOB,9.99302,53.55073,-151.75,-16.45
DEU-DEHAM_PYF-PFPPT,9.99302,53.55073,-149.6166667,-17.55
DEU-DEHAM_NZL-NZTIU,9.99302,53.55073,171.25,-44.38333333
DEU-DEHAM_NZL-NZWLG,9.99302,53.55073,174.7833333,-41.26666667
DEU-DEHAM_PAN-PAONX,9.99302,53.55073,-79.86666667,9.35
DEU-DEHAM_PAN-PACTB,9.99302,53.55073,-79.9,9.35
DEU-DEHAM_NOR-NOGLO,9.99302,53.55073,13.93333333,66.8
DEU-DEHAM_NOR-NOHFT,9.99302,53.55073,23.66666667,70.65
DEU-DEHAM_NOR-NOHRD,9.99302,53.55073,16.53333333,68.78333333
DEU-DEHAM_NOR-NOHAU,9.99302,53.55073,5.25,59.4
DEU-DEHAM_NOR-NOEGE,9.99302,53.55073,6,58.45
DEU-DEHAM_NOR-NOFRO,9.99302,53.55073,5.016666667,61.6
DEU-DEHAM_NOR-NOFRK,9.99302,53.55073,10.91666667,59.2
DEU-DEHAM_NOR-NOFUS,9.99302,53.55073,5.616666667,60.2
DEU-DEHAM_NOR-NOBGO,9.99302,53.55073,5.316666667,60.38333333
DEU-DEHAM_NOR-NOBOO,9.99302,53.55073,14.36666667,67.28333333
DEU-DEHAM_NOR-NOBVK,9.99302,53.55073,9.7,59.05
DEU-DEHAM_NOR-NODRM,9.99302,53.55073,10.23333333,59.73333333
DEU-DEHAM_NOR-NOAES,9.99302,53.55073,6.15,62.46666667
DEU-DEHAM_NOR-NOARD,9.99302,53.55073,7.7,61.23333333
DEU-DEHAM_NOR-NOAVE,9.99302,53.55073,7.666666667,63.05
DEU-DEHAM_NOR-NOORK,9.99302,53.55073,9.833333333,63.31666667
DEU-DEHAM_NOR-NOOSL,9.99302,53.55073,10.73333333,59.9
DEU-DEHAM_NOR-NOSAT,9.99302,53.55073,15.58333333,67.36666667
DEU-DEHAM_NOR-NOSVG,9.99302,53.55073,5.75,58.96666667
DEU-DEHAM_NOR-NOMOL,9.99302,53.55073,7.15,62.73333333
DEU-DEHAM_NOR-NOMJF,9.99302,53.55073,13.2,65.83333333
DEU-DEHAM_NOR-NOMSS,9.99302,53.55073,10.65,59.41666667
DEU-DEHAM_NOR-NOODD,9.99302,53.55073,6.533333333,60.06666667
DEU-DEHAM_NOR-NOIKR,9.99302,53.55073,6.55,62.38333333
DEU-DEHAM_NOR-NOKRS,9.99302,53.55073,7.983333333,58.13333333
DEU-DEHAM_NOR-NOLAR,9.99302,53.55073,10.01666667,59.03333333
DEU-DEHAM_NOR-NOMAY,9.99302,53.55073,5.1,61.93333333
DEU-DEHAM_NOR-NOHVI,9.99302,53.55073,5.316666667,59.3
DEU-DEHAM_NOR-NOHLA,9.99302,53.55073,9.183333333,59.6
DEU-DEHAM_NOR-NOHYR,9.99302,53.55073,6.05,61.21666667
DEU-DEHAM_NOR-NOHOY,9.99302,53.55073,10.45,59.23333333
DEU-DEHAM_SYR-SYTTS,9.99302,53.55073,35.9,34.9
DEU-DEHAM_THA-THBKK,9.99302,53.55073,100.5166667,13.75
DEU-DEHAM_THA-THLCH,9.99302,53.55073,100.8833333,13.08333333
DEU-DEHAM_THA-THHKT,9.99302,53.55073,98.31666667,8.116666667
DEU-DEHAM_SYR-SYLTK,9.99302,53.55073,35.78333333,35.51666667
DEU-DEHAM_TUR-TRIZT,9.99302,53.55073,29.95,40.78333333
DEU-DEHAM_TUR-TRKMX,9.99302,53.55073,28.81666667,40.95
DEU-DEHAM_TUR-TRLMA,9.99302,53.55073,26.91666667,38.75
DEU-DEHAM_TUR-TRMAD,9.99302,53.55073,28.95,41.01666667
DEU-DEHAM_TUR-TRGEB,9.99302,53.55073,29.41666667,40.78333333
DEU-DEHAM_TUR-TRGEM,9.99302,53.55073,29.15,40.41666667
DEU-DEHAM_TUR-TRISK,9.99302,53.55073,36.16666667,36.58333333
DEU-DEHAM_TUR-TRIZM,9.99302,53.55073,27.15,38.41666667
DEU-DEHAM_TUR-TRAYT,9.99302,53.55073,30.6,36.83333333
DEU-DEHAM_TUR-TRBDM,9.99302,53.55073,27.96666667,40.35
DEU-DEHAM_TUR-TRELI,9.99302,53.55073,34.05,37.5
DEU-DEHAM_TUR-TREYP,9.99302,53.55073,29.7,40.76666667
DEU-DEHAM_THA-THSCS,9.99302,53.55073,100.5333333,13.65
DEU-DEHAM_TON-TOTBU,9.99302,53.55073,-175.2,-21.13333333
DEU-DEHAM_TUR-TRPAM,9.99302,53.55073,39.16666667,41.03333333
DEU-DEHAM_PRY-PYASU,9.99302,53.55073,-57.66666667,-25.26666667
DEU-DEHAM_SAU-SAYNB,9.99302,53.55073,38.03333333,24.08333333
DEU-DEHAM_RUS-RUZAR,9.99302,53.55073,131.0833333,42.61666667
DEU-DEHAM_SAU-SADMM,9.99302,53.55073,50.1,26.41666667
DEU-DEHAM_SAU-SAJED,9.99302,53.55073,39.16666667,21.53333333
DEU-DEHAM_SAU-SAKAC,9.99302,53.55073,39.08333333,22.4
DEU-DEHAM_RUS-RUNVS,9.99302,53.55073,37.76666667,44.71666667
DEU-DEHAM_RUS-RULED,9.99302,53.55073,30.25,59.88333333
DEU-DEHAM_RUS-RUULU,9.99302,53.55073,28.31666667,59.66666667
DEU-DEHAM_RUS-RUVYP,9.99302,53.55073,133.05,42.76666667
DEU-DEHAM_QAT-QAHMD,9.99302,53.55073,51.61666667,25
DEU-DEHAM_QAT-QAMES,9.99302,53.55073,51.91666667,25.63333333
DEU-DEHAM_RUS-RUBRK,9.99302,53.55073,29.73333333,59.9
DEU-DEHAM_ZAF-ZADUR,9.99302,53.55073,31.01666667,-29.85
DEU-DEHAM_ARE-AEAJM,9.99302,53.55073,55.47878,25.40177
DEU-DEHAM_ARE-AEJEA,9.99302,53.55073,55.10811,25.00255
DEU-DEHAM_AIA-AIAXA,9.99302,53.55073,-63.09375,18.17648
DEU-DEHAM_MYT-YTLON,9.99302,53.55073,45.16666667,-12.71666667
DEU-DEHAM_ZAF-ZACPT,9.99302,53.55073,18.41666667,-33.91666667
DEU-DEHAM_ZAF-ZAZBA,9.99302,53.55073,25.66666667,-33.76666667
DEU-DEHAM_VNM-VNSGN,9.99302,53.55073,106.6666667,10.76666667
DEU-DEHAM_VNM-VNNGH,9.99302,53.55073,105.8333333,19.33333333
DEU-DEHAM_VNM-VNUIH,9.99302,53.55073,109.2166667,13.76666667
DEU-DEHAM_VNM-VNVUT,9.99302,53.55073,107.0666667,10.35
DEU-DEHAM_VEN-VEPLA,9.99302,53.55073,-62.66666667,8.35
DEU-DEHAM_VNM-VNC8Q,9.99302,53.55073,108.7,15.4
DEU-DEHAM_VNM-VNDAD,9.99302,53.55073,108.2166667,16.06666667
DEU-DEHAM_AUS-AUDPO,9.99302,53.55073,146.35152,-41.17695
DEU-DEHAM_AUS-AUFRE,9.99302,53.55073,115.74557,-32.05632
DEU-DEHAM_AUS-AUGEX,9.99302,53.55073,144.36069,-38.14711
DEU-DEHAM_AUS-AUNTL,9.99302,53.55073,151.7801,-32.92953
DEU-DEHAM_AUS-AUBEL,9.99302,53.55073,146.87,-41.13
DEU-DEHAM_AUS-AUBWT,9.99302,53.55073,145.90375,-41.05584
DEU-DEHAM_AUS-AUCNS,9.99302,53.55073,145.76613,-16.92366
DEU-DEHAM_AUS-AUDAM,9.99302,53.55073,116.71256,-20.66275
DEU-DEHAM_AGO-AOLAD,9.99302,53.55073,13.23432,-8.83682
DEU-DEHAM_AGO-AOMAL,9.99302,53.55073,12.1980218,-5.396406482
DEU-DEHAM_AGO-AOMSZ,9.99302,53.55073,12.15222,-15.19611
DEU-DEHAM_AGO-AOSZA,9.99302,53.55073,12.36894,-6.1349
DEU-DEHAM_ALB-ALDRZ,9.99302,53.55073,19.45469,41.32355
DEU-DEHAM_ALB-ALDRZ,9.99302,53.55073,19.45469,41.32355
DEU-DEHAM_AGO-AOCAB,9.99302,53.55073,12.2,-5.55
DEU-DEHAM_AGO-AOLOB,9.99302,53.55073,13.53601,-12.3644
DEU-DEHAM_USA-USBAL,9.99302,53.55073,-76.61666667,39.28333333
DEU-DEHAM_USA-USACL,9.99302,53.55073,-72.58333333,43.26666667
DEU-DEHAM_USA-USEPI,9.99302,53.55073,-67.00046037,44.9189639
DEU-DEHAM_USA-USFEB,9.99302,53.55073,-81.45,30.66666667
DEU-DEHAM_TZA-TZDAR,9.99302,53.55073,39.28333333,-6.8
DEU-DEHAM_UKR-UAILK,9.99302,53.55073,30.66666667,46.31666667
DEU-DEHAM_UKR-UAODS,9.99302,53.55073,30.75,46.5
DEU-DEHAM_UKR-UAYUZ,9.99302,53.55073,31.01666667,46.6
DEU-DEHAM_TUR-TRYPO,9.99302,53.55073,29.53333333,40.76666667
DEU-DEHAM_TTO-TTPOS,9.99302,53.55073,-61.51666667,10.65
DEU-DEHAM_TTO-TTPOS,9.99302,53.55073,-61.51666667,10.65
DEU-DEHAM_TWN-TWTPE,9.99302,53.55073,121.5166667,25.03333333
DEU-DEHAM_TUR-TRMER,9.99302,53.55073,34.63333333,36.71666667
DEU-DEHAM_TUR-TRSSX,9.99302,53.55073,36.33333333,41.28333333
DEU-DEHAM_TUR-TRTEK,9.99302,53.55073,27.51666667,40.96666667
DEU-DEHAM_TUR-TRTZX,9.99302,53.55073,39.73333333,41
DEU-DEHAM_USA-USSCK,9.99302,53.55073,-121.2833333,37.95
DEU-DEHAM_USA-USILM,9.99302,53.55073,-77.93333333,34.21666667
DEU-DEHAM_URY-UYPTP,9.99302,53.55073,-58.06666667,-34.23333333
DEU-DEHAM_USA-USPEF,9.99302,53.55073,-80.13333333,26.1
DEU-DEHAM_USA-USNTD,9.99302,53.55073,-119.1833333,34.13333333
DEU-DEHAM_USA-USPME,9.99302,53.55073,-82.55,27.63333333
DEU-DEHAM_USA-USSAN,9.99302,53.55073,-117.15,32.7
DEU-DEHAM_USA-USNYC,9.99302,53.55073,-74,40.7
DEU-DEHAM_USA-USNFF,9.99302,53.55073,-73.2,42
DEU-DEHAM_USA-USKND,9.99302,53.55073,-122.2202546,37.9329048
DEU-DEHAM_USA-USPDP,9.99302,53.55073,-75.71666667,44.15
DEU-DEHAM_USA-USGFP,9.99302,53.55073,-89.08490622,30.37815646
DEU-DEHAM_USA-USHNL,9.99302,53.55073,-157.85,21.3
DEU-DEHAM_USA-USHKA,9.99302,53.55073,-149.8166667,61.63333333
DEU-DEHAM_USA-USLGB,9.99302,53.55073,-118.1833333,33.76666667
DEU-DEHAM_DJI-DJJIB,9.99302,53.55073,43.14503,11.58901
DEU-DEHAM_CPV-CVSAR,9.99302,53.55073,-22.91722,16.17611
DEU-DEHAM_CUB-CUMOA,9.99302,53.55073,-74.95075,20.65776
DEU-DEHAM_CUB-CUSCU,9.99302,53.55073,-75.82667,20.02083
DEU-DEHAM_CPV-CVPAL,9.99302,53.55073,-22.98348,16.75754
DEU-DEHAM_CPV-CVRAI,9.99302,53.55073,-23.51254,14.93152
DEU-DEHAM_COL-COBAQ,9.99302,53.55073,-74.78132,10.96854
DEU-DEHAM_COL-COBUN,9.99302,53.55073,-77.03116,3.8801
DEU-DEHAM_COL-COCTG,9.99302,53.55073,-75.51444,10.39972
DEU-DEHAM_COL-COSMR,9.99302,53.55073,-74.19904,11.24079
DEU-DEHAM_DZA-DZMOS,9.99302,53.55073,0.08918,35.93115
DEU-DEHAM_DZA-DZORN,9.99302,53.55073,-0.63588,35.69906
DEU-DEHAM_EGY-EGEDK,9.99302,53.55073,29.82126,31.13133
DEU-DEHAM_EGY-EGPSD,9.99302,53.55073,32.3019,31.26531
DEU-DEHAM_DMA-DMRSU,9.99302,53.55073,-61.38808,15.30174
DEU-DEHAM_DOM-DOBCC,9.99302,53.55073,-69.6,18.45
DEU-DEHAM_DOM-DOPOP,9.99302,53.55073,-70.6884,19.79344
DEU-DEHAM_BRA-BRIOS,9.99302,53.55073,-39.03949,-14.79364
DEU-DEHAM_BRA-BRIBB,9.99302,53.55073,-48.67028,-28.24
DEU-DEHAM_BRA-BRITJ,9.99302,53.55073,-48.66194,-26.90778
DEU-DEHAM_BRA-BRMAO,9.99302,53.55073,-60.025,-3.10194
DEU-DEHAM_BEN-BJCOO,9.99302,53.55073,2.41833,6.36536
DEU-DEHAM_BMU-BMBDA,9.99302,53.55073,-64.78303,32.2949
DEU-DEHAM_BRA-BRFOR,9.99302,53.55073,-38.54306,-3.71722
DEU-DEHAM_ABW-AWORJ,9.99302,53.55073,-70.02703,12.52398
DEU-DEHAM_BRB-BBBGI,9.99302,53.55073,-59.62021,13.10732
DEU-DEHAM_BGD-BDMGL,9.99302,53.55073,89.61095,22.47223
DEU-DEHAM_AUS-AUPBT,9.99302,53.55073,151.22277,-33.97447
DEU-DEHAM_AUS-AUPKL,9.99302,53.55073,150.9012,-34.4818
DEU-DEHAM_AUS-AUTSV,9.99302,53.55073,146.80569,-19.26639
DEU-DEHAM_AUS-AUWEI,9.99302,53.55073,141.87883,-12.62346
DEU-DEHAM_COK-CKAIT,9.99302,53.55073,-159.79293,-18.85195
DEU-DEHAM_COK-CKRAR,9.99302,53.55073,-159.77545,-21.2075
DEU-DEHAM_CMR-CMDLA,9.99302,53.55073,9.70428,4.04827
DEU-DEHAM_CMR-CMKBI,9.99302,53.55073,9.90765,2.93725
DEU-DEHAM_CAN-CAPRR,9.99302,53.55073,-130.32098,54.31507
DEU-DEHAM_CAN-CASQA,9.99302,53.55073,-122.95396,50.11817
DEU-DEHAM_CAN-CATOR,9.99302,53.55073,-79.4163,43.70011
DEU-DEHAM_CAN-CAVAN,9.99302,53.55073,-123.11934,49.24966
DEU-DEHAM_BLZ-BZBZE,9.99302,53.55073,-88.19756,17.49952
DEU-DEHAM_CAN-CAHAL,9.99302,53.55073,-63.57291,44.6464
DEU-DEHAM_CAN-CAMTR,9.99302,53.55073,-73.58781,45.50884
DEU-DEHAM_CAN-CANWE,9.99302,53.55073,-122.91092,49.20678
DEU-DEHAM_BRA-BRNAT,9.99302,53.55073,-35.20944,-5.795
DEU-DEHAM_BRA-BRRIG,9.99302,53.55073,-43.18223,-22.90642
DEU-DEHAM_BRA-BRSSA,9.99302,53.55073,-38.51083,-12.97111
DEU-DEHAM_BRA-BRSUA,9.99302,53.55073,-38.62083,-12.74083
DEU-DEHAM_HND-HNPCR,9.99302,53.55073,-87.92968,15.82562
DEU-DEHAM_HND-HNSLO,9.99302,53.55073,-87.44722,13.42417
DEU-DEHAM_HTI-HTPAP,9.99302,53.55073,-72.33881,18.54349
DEU-DEHAM_IDN-IDBDJ,9.99302,53.55073,114.59075,-3.31987
DEU-DEHAM_GTM-GTPBR,9.99302,53.55073,-88.59444,15.72778
DEU-DEHAM_GUY-GYGEO,9.99302,53.55073,-58.15527,6.80448
DEU-DEHAM_HKG-HKHKG,9.99302,53.55073,114.17469,22.27832
DEU-DEHAM_HND-HNPCA,9.99302,53.55073,-85.96667,16.01667
DEU-DEHAM_GMB-GMBJL,9.99302,53.55073,-16.57803,13.45274
DEU-DEHAM_GIN-GNCKY,9.99302,53.55073,-13.67729,9.53795
DEU-DEHAM_GNQ-GQBSG,9.99302,53.55073,9.76582,1.86391
DEU-DEHAM_GNQ-GQSSG,9.99302,53.55073,8.78166,3.75578
DEU-DEHAM_GHA-GHTKD,9.99302,53.55073,-1.76029,4.89816
DEU-DEHAM_GHA-GHTEM,9.99302,53.55073,-0.01657,5.6698
DEU-DEHAM_GIB-GIGIB,9.99302,53.55073,-5.35257,36.14474
DEU-DEHAM_GRL-GLJHS,9.99302,53.55073,-53.6735,66.93946
DEU-DEHAM_IDN-IDTLI,9.99302,53.55073,121.1679,1.2718
DEU-DEHAM_ISR-ILASH,9.99302,53.55073,34.64966,31.79213
DEU-DEHAM_IDN-IDPNK,9.99302,53.55073,109.325,-0.03194
DEU-DEHAM_IDN-IDSRI,9.99302,53.55073,117.14583,-0.49167
DEU-DEHAM_IDN-IDSOQ,9.99302,53.55073,131.26104,-0.87956
DEU-DEHAM_IDN-IDTRK,9.99302,53.55073,117.59152,3.31332
DEU-DEHAM_IDN-IDLUW,9.99302,53.55073,122.7875,-0.9516
DEU-DEHAM_IDN-IDMES,9.99302,53.55073,98.66667,3.58333
DEU-DEHAM_IDN-IDPLM,9.99302,53.55073,104.7458,-2.91673
DEU-DEHAM_IDN-IDPNJ,9.99302,53.55073,100.6199,0.3087
DEU-DEHAM_IDN-IDBLW,9.99302,53.55073,98.6832,3.7755
DEU-DEHAM_IDN-IDBIT,9.99302,53.55073,125.12824,1.44059
DEU-DEHAM_IDN-IDGTO,9.99302,53.55073,123.3908,-0.8985
DEU-DEHAM_IDN-IDKDI,9.99302,53.55073,122.51507,-3.9778
DEU-DEHAM_GAB-GALBV,9.99302,53.55073,9.45356,0.39241
DEU-DEHAM_GRD-GDSTG,9.99302,53.55073,-61.75226,12.05288
DEU-DEHAM_GEO-GEBUS,9.99302,53.55073,41.63392,41.64228
DEU-DEHAM_GEO-GEPTI,9.99302,53.55073,41.67384,42.14272
DEU-DEHAM_GAB-GAPOG,9.99302,53.55073,8.78151,-0.71933
DEU-DEHAM_JPN-JPOIT,9.99302,53.55073,131.6,33.23333
DEU-DEHAM_JPN-JPOMZ,9.99302,53.55073,138.21934,34.59882
DEU-DEHAM_JPN-JPONA,9.99302,53.55073,140.9,36.95
DEU-DEHAM_JPN-JPOTK,9.99302,53.55073,132.22063,34.20754
DEU-DEHAM_JPN-JPNGO,9.99302,53.55073,136.90641,35.18147
DEU-DEHAM_JPN-JPNAH,9.99302,53.55073,127.68333,26.21667
DEU-DEHAM_JPN-JPNAO,9.99302,53.55073,138.25,37.18333
DEU-DEHAM_JPN-JPKIJ,9.99302,53.55073,139.00589,37.88637
DEU-DEHAM_JPN-JPMII,9.99302,53.55073,130.47791,33.05207
DEU-DEHAM_JPN-JPMIZ,9.99302,53.55073,133.73896,34.5298
DEU-DEHAM_JPN-JPMUR,9.99302,53.55073,140.98806,42.31722
DEU-DEHAM_JPN-JPNGS,9.99302,53.55073,129.88333,32.75
DEU-DEHAM_JPN-JPKCZ,9.99302,53.55073,133.53333,33.55
DEU-DEHAM_JPN-JPKMJ,9.99302,53.55073,130.69181,32.80589
DEU-DEHAM_JPN-JPMAI,9.99302,53.55073,135.33333,35.45
DEU-DEHAM_JPN-JPMYJ,9.99302,53.55073,132.76574,33.83916
DEU-DEHAM_JPN-JPWAK,9.99302,53.55073,135.16667,34.23333
DEU-DEHAM_JPN-JPYAT,9.99302,53.55073,130.59952,32.50439
DEU-DEHAM_JPN-JPYKK,9.99302,53.55073,136.61667,34.96667
DEU-DEHAM_KEN-KEMBA,9.99302,53.55073,39.66359,-4.05466
DEU-DEHAM_JPN-JPTMK,9.99302,53.55073,141.60333,42.63694
DEU-DEHAM_JPN-JPTHS,9.99302,53.55073,137.38333,34.76667
DEU-DEHAM_JPN-JPTRG,9.99302,53.55073,136.0558,35.64547
DEU-DEHAM_JPN-JPUBJ,9.99302,53.55073,131.25111,33.94306
DEU-DEHAM_JPN-JPSMZ,9.99302,53.55073,142.88472,43.00611
DEU-DEHAM_JPN-JPTAK,9.99302,53.55073,134.05,34.33333
DEU-DEHAM_JPN-JPTKS,9.99302,53.55073,134.56667,34.06667
DEU-DEHAM_JPN-JPTKY,9.99302,53.55073,131.81667,34.05
DEU-DEHAM_JPN-JPOTR,9.99302,53.55073,141.00222,43.18944
DEU-DEHAM_JPN-JPSMN,9.99302,53.55073,133.23094,35.53774
DEU-DEHAM_JPN-JPSKT,9.99302,53.55073,139.855,38.91667
DEU-DEHAM_JPN-JPSBS,9.99302,53.55073,131.10114,31.476
DEU-DEHAM_ISL-ISGRF,9.99302,53.55073,-23.26313,64.92427
DEU-DEHAM_ISL-ISRFJ,9.99302,53.55073,-14.21832,65.03164
DEU-DEHAM_IND-INMUN,9.99302,53.55073,69.7219,22.83918
DEU-DEHAM_IND-INIXZ,9.99302,53.55073,92.74635,11.66613
DEU-DEHAM_IRQ-IQALF,9.99302,53.55073,48.04246,30.44783
DEU-DEHAM_IRQ-IQBSR,9.99302,53.55073,47.7804,30.50852
DEU-DEHAM_IND-INENR,9.99302,53.55073,80.32835,13.24751
DEU-DEHAM_IND-INHAL,9.99302,53.55073,88.10975,22.06046
DEU-DEHAM_IND-INKRI,9.99302,53.55073,80.12388,14.28874
DEU-DEHAM_IND-INIXE,9.99302,53.55073,74.85603,12.91723
DEU-DEHAM_JPN-JPIWK,9.99302,53.55073,132.22,34.16297
DEU-DEHAM_JPN-JPKNZ,9.99302,53.55073,136.61667,36.6
DEU-DEHAM_JPN-JPKSM,9.99302,53.55073,140.64474,35.96536
DEU-DEHAM_JPN-JPKWS,9.99302,53.55073,139.71722,35.52056
DEU-DEHAM_JPN-JPHTC,9.99302,53.55073,140.65,36.6
DEU-DEHAM_JPN-JPHSM,9.99302,53.55073,131.66667,32.43333
DEU-DEHAM_JPN-JPIMB,9.99302,53.55073,133.00023,34.07001
DEU-DEHAM_JPN-JPIMI,9.99302,53.55073,129.87877,33.27362
DEU-DEHAM_JPN-JPCHB,9.99302,53.55073,140.11667,35.6
DEU-DEHAM_JPN-JPFKY,9.99302,53.55073,133.36667,34.48333
DEU-DEHAM_JPN-JPHHE,9.99302,53.55073,141.5,40.5
DEU-DEHAM_JPN-JPHIJ,9.99302,53.55073,132.45,34.4
DEU-DEHAM_JAM-JMKIN,9.99302,53.55073,-76.79358,17.99702
DEU-DEHAM_JAM-JMMBJ,9.99302,53.55073,-77.91883,18.47116
DEU-DEHAM_JPN-JPABU,9.99302,53.55073,144.26971,44.02127
DEU-DEHAM_JPN-JPAXT,9.99302,53.55073,140.11667,39.71667
DEU-DEHAM_OMN-OMSOH,9.99302,53.55073,56.70937,24.34745
DEU-DEHAM_PAN-PAPAM,9.99302,53.55073,-82.4018,9.30091
DEU-DEHAM_PAN-PABLB,9.99302,53.55073,-79.56672,8.94814
DEU-DEHAM_PAN-PACSO,9.99302,53.55073,-79.88168,9.37091
DEU-DEHAM_NGA-NGPHC,9.99302,53.55073,7.0134,4.77742
DEU-DEHAM_NIC-NICIO,9.99302,53.55073,-87.17304,12.4825
DEU-DEHAM_NOR-NOGJM,9.99302,53.55073,8.08604,62.89225
DEU-DEHAM_OMN-OMSLL,9.99302,53.55073,54.09237,17.01505
DEU-DEHAM_NAM-NAWVB,9.99302,53.55073,14.50528,-22.9575
DEU-DEHAM_NGA-NGAPP,9.99302,53.55073,3.35901,6.4488
DEU-DEHAM_NGA-NGCBQ,9.99302,53.55073,8.32695,4.95893
DEU-DEHAM_NGA-NGLOS,9.99302,53.55073,3.39467,6.45407
DEU-DEHAM_MOZ-MZBEW,9.99302,53.55073,34.83889,-19.84361
DEU-DEHAM_MOZ-MZMPM,9.99302,53.55073,32.58322,-25.96553
DEU-DEHAM_MOZ-MZMNC,9.99302,53.55073,40.68538,-14.56257
DEU-DEHAM_MOZ-MZUEL,9.99302,53.55073,36.88833,-17.87861
DEU-DEHAM_PNG-PGRAB,9.99302,53.55073,152.16297,-4.20037
DEU-DEHAM_PNG-PGWWK,9.99302,53.55073,143.63229,-3.54964
DEU-DEHAM_PHL-PHBCD,9.99302,53.55073,122.95,10.66667
DEU-DEHAM_PHL-PHCGY,9.99302,53.55073,124.64722,8.48222
DEU-DEHAM_PNG-PGBUA,9.99302,53.55073,154.67098,-5.43261
DEU-DEHAM_PNG-PGKIM,9.99302,53.55073,150.13766,-5.55085
DEU-DEHAM_PNG-PGLAE,9.99302,53.55073,146.99611,-6.72333
DEU-DEHAM_PNG-PGPOM,9.99302,53.55073,147.15089,-9.47723
DEU-DEHAM_PER-PEMRI,9.99302,53.55073,-72.10563,-16.99639
DEU-DEHAM_PER-PEPAI,9.99302,53.55073,-81.11444,-5.08917
DEU-DEHAM_PER-PEPIO,9.99302,53.55073,-76.20538,-13.71029
DEU-DEHAM_PNG-PGGUR,9.99302,53.55073,150.45742,-10.31509
DEU-DEHAM_PAN-PAMIT,9.99302,53.55073,-81.16667,7.53667
DEU-DEHAM_PER-PECLL,9.99302,53.55073,-77.11814,-12.05659
DEU-DEHAM_PER-PEILQ,9.99302,53.55073,-71.34108,-17.63185
DEU-DEHAM_PER-PEIQT,9.99302,53.55073,-73.25383,-3.74912
DEU-DEHAM_MDG-MGMJN,9.99302,53.55073,46.31667,-15.71667
DEU-DEHAM_MDG-MGTMM,9.99302,53.55073,49.40234,-18.1492
DEU-DEHAM_MDG-MGTLE,9.99302,53.55073,43.66667,-23.35
DEU-DEHAM_MAR-MAAGA,9.99302,53.55073,-9.59815,30.42018
DEU-DEHAM_MAR-MANDR,9.99302,53.55073,-2.93352,35.16813
DEU-DEHAM_MAR-MAPTM,9.99302,53.55073,-5.56323,35.82674
DEU-DEHAM_MDG-MGDIE,9.99302,53.55073,49.29188,-12.31732
DEU-DEHAM_LBY-LYBEN,9.99302,53.55073,20.06859,32.11486
DEU-DEHAM_LBY-LYMRA,9.99302,53.55073,15.09254,32.37535
DEU-DEHAM_LBY-LYTIP,9.99302,53.55073,13.18733,32.88743
DEU-DEHAM_KIR-KITRW,9.99302,53.55073,172.97696,1.3278
DEU-DEHAM_COM-KMYVA,9.99302,53.55073,43.25506,-11.70216
DEU-DEHAM_LBN-LBKYE,9.99302,53.55073,35.84415,34.43352
DEU-DEHAM_MYS-MYPGU,9.99302,53.55073,103.878,1.4726
DEU-DEHAM_MYS-MYSDK,9.99302,53.55073,118.1179,5.8402
DEU-DEHAM_MYS-MYSBW,9.99302,53.55073,111.81667,2.3
DEU-DEHAM_MYS-MYTWU,9.99302,53.55073,117.89115,4.24482
DEU-DEHAM_MYS-MYBKI,9.99302,53.55073,116.0724,5.9749
DEU-DEHAM_MYS-MYKCH,9.99302,53.55073,110.33333,1.55
DEU-DEHAM_MYS-MYLBU,9.99302,53.55073,115.26924,5.28883
DEU-DEHAM_MYS-MYMKZ,9.99302,53.55073,102.2405,2.196
DEU-DEHAM_MRT-MRNKC,9.99302,53.55073,-15.9785,18.08581
DEU-DEHAM_MSR-MSPLY,9.99302,53.55073,-62.21292,16.70555
DEU-DEHAM_MUS-MUPLU,9.99302,53.55073,57.49889,-20.16194
DEU-DEHAM_MYS-MYBTU,9.99302,53.55073,113.03333,3.16667
DEU-DEHAM_MMR-MMRGN,9.99302,53.55073,96.15611,16.80528
DEU-DEHAM_MMR-MMRGN,9.99302,53.55073,96.15611,16.80528
DEU-DEHAM_MTQ-MQFDF,9.99302,53.55073,-61.07418,14.60365
DEU-DEHAM_MRT-MRNDB,9.99302,53.55073,-17.03842,20.94188
DEU-DEHAM_TUR-TRALI,9.99302,53.55073,26.97203,38.79975
DEU-DEHAM_TUR-TRDRC,9.99302,53.55073,29.81472,40.75694
DEU-DEHAM_TUR-TRHAY,9.99302,53.55073,29.02459,40.99596
DEU-DEHAM_TUR-TRYAR,9.99302,53.55073,31.14194,39.08361
DEU-DEHAM_TUN-TNBIZ,9.99302,53.55073,9.87391,37.27442
DEU-DEHAM_TUN-TNSFA,9.99302,53.55073,10.76028,34.74056
DEU-DEHAM_TUN-TNSUS,9.99302,53.55073,10.63699,35.82539
DEU-DEHAM_TUN-TNTUN,9.99302,53.55073,10.16579,36.81897
DEU-DEHAM_SLV-SVAQJ,9.99302,53.55073,-89.8275,13.59278
DEU-DEHAM_SLV-SVSAL,9.99302,53.55073,-89.18718,13.68935
DEU-DEHAM_TGO-TGLFW,9.99302,53.55073,1.22154,6.12874
DEU-DEHAM_THA-THSRI,9.99302,53.55073,100.93111,13.17372
DEU-DEHAM_SOM-SOKMU,9.99302,53.55073,42.54536,-0.35817
DEU-DEHAM_SOM-SOMGQ,9.99302,53.55073,45.34375,2.03711
DEU-DEHAM_SUR-SRPBM,9.99302,53.55073,-55.16682,5.86638
DEU-DEHAM_SUR-SRPBM,9.99302,53.55073,-55.16682,5.86638
DEU-DEHAM_USA-USGLC,9.99302,53.55073,-70.66313,42.61405
DEU-DEHAM_USA-USIJX,9.99302,53.55073,-81.65565,30.33218
DEU-DEHAM_USA-USADQ,9.99302,53.55073,-152.40533,57.78852
DEU-DEHAM_USA-USLAX,9.99302,53.55073,-118.24368,34.05223
DEU-DEHAM_USA-USDUT,9.99302,53.55073,-166.5422,53.8898
DEU-DEHAM_USA-USPAE,9.99302,53.55073,-122.20208,47.97898
DEU-DEHAM_USA-USFEP,9.99302,53.55073,-70.10311,43.85702
DEU-DEHAM_USA-USGLS,9.99302,53.55073,-94.7977,29.30135
DEU-DEHAM_USA-USCAT,9.99302,53.55073,-75.11962,39.92595
DEU-DEHAM_USA-USCHS,9.99302,53.55073,-79.92442668,32.78501734
DEU-DEHAM_USA-USCAV,9.99302,53.55073,-81.69541,41.4995
DEU-DEHAM_USA-USCRP,9.99302,53.55073,-97.39638,27.80058
DEU-DEHAM_USA-USANC,9.99302,53.55073,-149.90028,61.21806
DEU-DEHAM_USA-USBPT,9.99302,53.55073,-94.10185,30.08605
DEU-DEHAM_USA-USBOS,9.99302,53.55073,-71.05977,42.35843
DEU-DEHAM_USA-USBCK,9.99302,53.55073,-74.45182,40.48622
DEU-DEHAM_PLW-PWROR,9.99302,53.55073,134.47326,7.33978
DEU-DEHAM_RUS-RUARH,9.99302,53.55073,40.5433,64.5401
DEU-DEHAM_PHL-PHTAG,9.99302,53.55073,123.85219,9.65556
DEU-DEHAM_PHL-PHZAM,9.99302,53.55073,122.07389,6.91028
DEU-DEHAM_PAK-PKGWD,9.99302,53.55073,62.32541,25.12163
DEU-DEHAM_PAK-PKKHI,9.99302,53.55073,67.0104,24.8608
DEU-DEHAM_PHL-PHOZC,9.99302,53.55073,123.8405,8.1481
DEU-DEHAM_PHL-PHPLC,9.99302,53.55073,124.22088,7.3534
DEU-DEHAM_PHL-PHPPS,9.99302,53.55073,118.73528,9.73917
DEU-DEHAM_PHL-PHSFS,9.99302,53.55073,120.27987,14.78899
DEU-DEHAM_PHL-PHCEB,9.99302,53.55073,123.89071,10.31672
DEU-DEHAM_PHL-PHCBO,9.99302,53.55073,124.24639,7.22361
DEU-DEHAM_PHL-PHDGT,9.99302,53.55073,123.30261,9.30722
DEU-DEHAM_PHL-PHMNL,9.99302,53.55073,120.9822,14.6042
DEU-DEHAM_SLE-SLFNA,9.99302,53.55073,-13.2356,8.48714
DEU-DEHAM_SEN-SNDKR,9.99302,53.55073,-17.44406,14.6937
DEU-DEHAM_SOM-SOBBO,9.99302,53.55073,45.01432,10.43959
DEU-DEHAM_SDN-SDPZU,9.99302,53.55073,37.21644,19.61745
DEU-DEHAM_SGP-SGSIN,9.99302,53.55073,103.85007,1.28967
DEU-DEHAM_RUS-RUPKC,9.99302,53.55073,158.65076,53.04444
DEU-DEHAM_RUS-RUVVO,9.99302,53.55073,131.87353,43.10562
DEU-DEHAM_SAU-SAJUB,9.99302,53.55073,49.62251,27.0174
DEU-DEHAM_SYC-SCPOV,9.99302,53.55073,55.45501,-4.62001
DEU-DEHAM_RUS-RUDUD,9.99302,53.55073,86.17778,69.40583
DEU-DEHAM_RUS-RUKGD,9.99302,53.55073,20.51095,54.70649
DEU-DEHAM_RUS-RUKOR,9.99302,53.55073,142.77722,46.6342
DEU-DEHAM_RUS-RUGDX,9.99302,53.55073,150.80347,59.5638
DEU-DEHAM_USA-USPBI,9.99302,53.55073,-80.05337,26.71534
DEU-DEHAM_USA-USILG,9.99302,53.55073,-75.54659,39.74595
DEU-DEHAM_URY-UYMVD,9.99302,53.55073,-56.18816,-34.90328
DEU-DEHAM_USA-USSEA,9.99302,53.55073,-122.33207,47.60621
DEU-DEHAM_USA-USTIW,9.99302,53.55073,-122.44429,47.25288
DEU-DEHAM_USA-USTPA,9.99302,53.55073,-82.45843,27.94752
DEU-DEHAM_USA-USVAN,9.99302,53.55073,-122.66149,45.63873
DEU-DEHAM_USA-USPFN,9.99302,53.55073,-85.65983,30.15946
DEU-DEHAM_USA-USPWM,9.99302,53.55073,-122.67621,45.52345
DEU-DEHAM_USA-USPDX,9.99302,53.55073,-122.67621,45.52345
DEU-DEHAM_USA-USSAV,9.99302,53.55073,-81.09983,32.08354
DEU-DEHAM_USA-USMIA,9.99302,53.55073,-80.19366,25.77427
DEU-DEHAM_USA-USMOB,9.99302,53.55073,-88.04305,30.69436
DEU-DEHAM_USA-USMRH,9.99302,53.55073,-76.72604,34.72294
DEU-DEHAM_USA-USMSY,9.99302,53.55073,-90.07507,29.95465
DEU-DEHAM_ZAF-ZARCB,9.99302,53.55073,32.03768,-28.78301
DEU-DEHAM_YEM-YEADE,9.99302,53.55073,45.03667,12.77944
DEU-DEHAM_YEM-YEMKX,9.99302,53.55073,49.12424,14.54248
DEU-DEHAM_ZAF-ZAELS,9.99302,53.55073,27.91162,-33.01529
DEU-DEHAM_ZAF-ZAPLZ,9.99302,53.55073,25.61494,-33.96109
DEU-DEHAM_VNM-VNHPH,9.99302,53.55073,106.68345,20.86481
DEU-DEHAM_VUT-VUVLI,9.99302,53.55073,168.31366,-17.73648
DEU-DEHAM_VUT-VUSAN,9.99302,53.55073,167.16235,-15.51989
DEU-DEHAM_WSM-WSAPW,9.99302,53.55073,-171.76666,-13.83333
DEU-DEHAM_CAN-CASJF,9.99302,53.55073,-52.73333333,47.56666667
DEU-DEHAM_COD-CDBNW,9.99302,53.55073,12.40121189,-6.003633267
DEU-DEHAM_COG-CGPNR,9.99302,53.55073,11.85,-4.8
DEU-DEHAM_CIV-CIABJ,9.99302,53.55073,-4.016666667,5.333333333
DEU-DEHAM_BHS-BSNAS,9.99302,53.55073,-77.35,25.08333333
DEU-DEHAM_BLZ-BZBGK,9.99302,53.55073,-88.4,16.51666667
DEU-DEHAM_CAN-CANWP,9.99302,53.55073,-54,47.3
DEU-DEHAM_CAN-CASJB,9.99302,53.55073,-66.06666667,45.26666667
DEU-DEHAM_BRA-BRMCP,9.99302,53.55073,-51.16666667,-0.05
DEU-DEHAM_BRA-BRSSZ,9.99302,53.55073,-46.33333333,-23.95
DEU-DEHAM_BRA-BRSLZ,9.99302,53.55073,-44.3,-2.5
DEU-DEHAM_BRA-BRVIX,9.99302,53.55073,-40.33333333,-20.31666667
DEU-DEHAM_BRA-BRNVT,9.99302,53.55073,-48.65,-26.9
DEU-DEHAM_BRA-BRPNG,9.99302,53.55073,-48.5,-25.51666667
DEU-DEHAM_BRA-BRPEC,9.99302,53.55073,-38.86666667,-3.533333333
DEU-DEHAM_BRA-BRRIO,9.99302,53.55073,-43.23333333,-22.88333333
DEU-DEHAM_CHN-CNCFD,9.99302,53.55073,118.5333333,38.95
DEU-DEHAM_CHN-CNDCB,9.99302,53.55073,113.8666667,22.53333333
DEU-DEHAM_CHN-CNDGG,9.99302,53.55073,113.75,23.03333333
DEU-DEHAM_CHN-CNDJK,9.99302,53.55073,119.5225398,35.30888533
DEU-DEHAM_CHL-CLPUQ,9.99302,53.55073,-70.93333333,-53.13333333
DEU-DEHAM_CHL-CLSAI,9.99302,53.55073,-71.6,-33.6
DEU-DEHAM_CHL-CLSVE,9.99302,53.55073,-73.13333333,-36.7
DEU-DEHAM_CHL-CLVAP,9.99302,53.55073,-71.63333333,-33.03333333
DEU-DEHAM_CHL-CLIQQ,9.99302,53.55073,-70.13333333,-20.21666667
DEU-DEHAM_CHL-CLLQN,9.99302,53.55073,-72.98333333,-36.7
DEU-DEHAM_CHL-CLMJS,9.99302,53.55073,-70.45,-23.1
DEU-DEHAM_CHL-CLPAG,9.99302,53.55073,-70.45,-23.08333333
DEU-DEHAM_CIV-CISPY,9.99302,53.55073,-6.616666667,4.733333333
DEU-DEHAM_CHL-CLANF,9.99302,53.55073,-70.38333333,-23.63333333
DEU-DEHAM_CHL-CLARI,9.99302,53.55073,-70.31666667,-18.48333333
DEU-DEHAM_CHL-CLCNL,9.99302,53.55073,-73.15,-37.01666667
DEU-DEHAM_ARG-ARPMY,9.99302,53.55073,-65.03333333,-42.75
DEU-DEHAM_ARG-ARROS,9.99302,53.55073,-60.65,-32.95
DEU-DEHAM_ARG-ARSAE,9.99302,53.55073,-64.73333333,-40.8
DEU-DEHAM_ARG-ARUSH,9.99302,53.55073,-68.3,-54.8
DEU-DEHAM_ARG-ARBHI,9.99302,53.55073,-62.28333333,-38.71666667
DEU-DEHAM_ARG-ARBUE,9.99302,53.55073,-58.66666667,-34.58333333
DEU-DEHAM_ARG-ARMDQ,9.99302,53.55073,-57.53333333,-38.05
DEU-DEHAM_ARG-ARPUD,9.99302,53.55073,-65.9,-47.75
DEU-DEHAM_ARE-AEMKH,9.99302,53.55073,55.36666667,25.35
DEU-DEHAM_ARE-AEKHL,9.99302,53.55073,54.66666667,24.83333333
DEU-DEHAM_ARE-AEQIW,9.99302,53.55073,55.55,25.56666667
DEU-DEHAM_ATG-AGSJO,9.99302,53.55073,-61.85,17.11666667
DEU-DEHAM_ARE-AEAUH,9.99302,53.55073,54.36666667,24.46666667
DEU-DEHAM_ARE-AERUW,9.99302,53.55073,52.73333333,24.11666667
DEU-DEHAM_ARE-AEKLF,9.99302,53.55073,56.35,25.33333333
DEU-DEHAM_BHR-BHMIN,9.99302,53.55073,50.61666667,26.2
DEU-DEHAM_BES-BQKRA,9.99302,53.55073,-68.26666667,12.15
DEU-DEHAM_BRA-BRIGI,9.99302,53.55073,-43.76666667,-22.86666667
DEU-DEHAM_BRA-BRIOA,9.99302,53.55073,-48.6,-26.11666667
DEU-DEHAM_BGD-BDCGP,9.99302,53.55073,91.83333333,22.33333333
DEU-DEHAM_AUS-AUDRW,9.99302,53.55073,130.8333333,-12.45
DEU-DEHAM_AUS-AUMEL,9.99302,53.55073,144.9666667,-37.81666667
DEU-DEHAM_AUS-AUSYD,9.99302,53.55073,151.2,-33.85
DEU-DEHAM_ABW-AWBAR,9.99302,53.55073,-69.98333333,12.48333333
DEU-DEHAM_ARG-ARZAE,9.99302,53.55073,-59.03333333,-34.1
DEU-DEHAM_ASM-ASPPG,9.99302,53.55073,-170.7,14.26666667
DEU-DEHAM_AUS-AUADL,9.99302,53.55073,138.5833333,-34.91666667
DEU-DEHAM_AUS-AUBNE,9.99302,53.55073,153.0166667,-27.46666667
DEU-DEHAM_DZA-DZAZW,9.99302,53.55073,-0.316666667,35.86666667
DEU-DEHAM_DZA-DZGHZ,9.99302,53.55073,-1.85,35.1
DEU-DEHAM_ECU-ECESM,9.99302,53.55073,-79.7,0.983333333
DEU-DEHAM_ECU-ECGYE,9.99302,53.55073,-79.9,-2.166666667
DEU-DEHAM_DOM-DOCAU,9.99302,53.55073,-69.63333333,18.41666667
DEU-DEHAM_DOM-DOMAN,9.99302,53.55073,-71.75,19.7
DEU-DEHAM_DZA-DZALG,9.99302,53.55073,3.05,36.75
