Sensitivity,Country,Cell,System,Electrolyser,Year,Optimization,PV,Onshore,Lcoh,H2_volume,Unit
Default,FRA,FRA_FR10,PV,Alkaline,2020,Lcoh,2.1852785910102237,0.0,8.637346446160052,42814.301419604024,283.05123985832626
Default,FRA,FRA_FR10,Onshore,Alkaline,2020,Lcoh,0.0,2.49155333289827,8.66760005814996,67248.29393859688,243.38931754255972
Default,FRA,FRA_FR10,Hybrid,Alkaline,2020,Lcoh,1.623014669213744,1.5244389127475069,7.644500107624174,75807.31217324823,194.63720373431167
Default,FRA,FRA_FR21,PV,Alkaline,2020,Lcoh,2.2119780067675445,0.0,8.704281579842123,42798.42425745799,596.0173694041039
Default,FRA,FRA_FR21,Onshore,Alkaline,2020,Lcoh,0.0,2.2322065199347843,7.527228272032489,71411.38388415844,579.0354815675892
Default,FRA,FRA_FR21,Hybrid,Alkaline,2020,Lcoh,1.4690227812861725,1.6688834286510306,6.979499424582216,84410.70096234039,415.7235250073733
Default,FRA,FRA_FR22,PV,Alkaline,2020,Lcoh,2.2104145684914225,0.0,8.694487944168275,42828.296348649434,451.8567755887285
Default,FRA,FRA_FR22,Onshore,Alkaline,2020,Lcoh,0.0,2.2674024666282047,7.173014402669379,75802.72039434915,431.8627507550095
Default,FRA,FRA_FR22,Hybrid,Alkaline,2020,Lcoh,1.332818099776391,1.6670880787652953,6.807499152584323,84453.23153884288,329.28096197581584
Default,FRA,FRA_FR23,PV,Alkaline,2020,Lcoh,2.166486223964689,0.0,8.50834867240819,43238.2698029045,291.6358633528694
Default,FRA,FRA_FR23,Onshore,Alkaline,2020,Lcoh,0.0,2.0781631490769494,6.524265444784723,78267.2509945769,298.06916438544926
Default,FRA,FRA_FR23,Hybrid,Alkaline,2020,Lcoh,1.1283610692443122,1.7259410946787226,6.302498926752116,89548.43490403985,218.7138225144942
Default,FRA,FRA_FR24,PV,Alkaline,2020,Lcoh,2.1728133598896373,0.0,8.37412548957553,44009.419013593695,932.8216293715071
Default,FRA,FRA_FR24,Onshore,Alkaline,2020,Lcoh,0.0,2.3204619253608096,7.460397590635398,74125.2938847385,856.3403575292555
Default,FRA,FRA_FR24,Hybrid,Alkaline,2020,Lcoh,1.4472096027455084,1.6660521800462482,6.913498152570227,84823.11862703851,644.142363484535
Default,FRA,FRA_FR25,PV,Alkaline,2020,Lcoh,2.1518699384848285,0.0,8.319694633723618,44040.20111749117,422.93593436879155
Default,FRA,FRA_FR25,Onshore,Alkaline,2020,Lcoh,0.0,2.0633148590656627,6.315458375737349,80446.93027960291,432.43907243574733
Default,FRA,FRA_FR25,Hybrid,Alkaline,2020,Lcoh,1.1171813280304852,1.7088959474024101,6.1214999597983475,91525.46291853642,318.1894835331895
Default,FRA,FRA_FR26,PV,Alkaline,2020,Lcoh,2.1407337209763635,0.0,8.34973350724266,43745.15002702668,760.4437101985228
Default,FRA,FRA_FR26,Onshore,Alkaline,2020,Lcoh,0.0,2.218332467701948,7.098490051113106,75388.0320646133,719.4538067635067
Default,FRA,FRA_FR26,Hybrid,Alkaline,2020,Lcoh,1.3504778825501753,1.7025237764644368,6.636499069600806,87840.8401292807,527.3339815386279
Default,FRA,FRA_FR30,PV,Alkaline,2020,Lcoh,2.2036258436361957,0.0,8.558582657753405,43428.047602182334,289.3031557309961
Default,FRA,FRA_FR30,Onshore,Alkaline,2020,Lcoh,0.0,2.1518699384848285,6.765308921156075,77384.24180115198,290.45231194669
Default,FRA,FRA_FR30,Hybrid,Alkaline,2020,Lcoh,1.1914237448479958,1.706298247411358,6.511498184389917,87131.94040077321,217.44507898067394
Default,FRA,FRA_FR41,PV,Alkaline,2020,Lcoh,2.1602221016161773,0.0,8.54164213165804,42994.52723278008,561.4334044304745
Default,FRA,FRA_FR41,Onshore,Alkaline,2020,Lcoh,0.0,2.511351052913319,9.241002092700397,63446.41661540319,473.4662828199156
Default,FRA,FRA_FR41,Hybrid,Alkaline,2020,Lcoh,1.7085192209667892,1.418789710939629,7.813496981474929,72915.3656947728,384.3289029463722
Default,FRA,FRA_FR42,PV,Alkaline,2020,Lcoh,2.166486223964689,0.0,8.239158617901166,44652.668618806994,197.20530455969498
Default,FRA,FRA_FR42,Onshore,Alkaline,2020,Lcoh,0.0,3.093968089911591,13.387842341785337,51402.06796685186,135.38125088709916
Default,FRA,FRA_FR42,Hybrid,Alkaline,2020,Lcoh,2.183878894099713,0.0,8.239498710445536,44866.743945616385,195.6347381604544
Default,FRA,FRA_FR43,PV,Alkaline,2020,Lcoh,2.1407337209763635,0.0,8.211408556312872,44482.95569654756,390.3878422694437
Default,FRA,FRA_FR43,Onshore,Alkaline,2020,Lcoh,0.0,2.659666482600819,11.271371059811075,54312.52304360377,308.0573549841477
Default,FRA,FRA_FR43,Hybrid,Alkaline,2020,Lcoh,2.139740598821496,0.0034392889787719207,8.211498411839989,44543.49529650343,389.929749406779
Default,FRA,FRA_FR51,PV,Alkaline,2020,Lcoh,2.1602221016161773,0.0,8.1021674318174,45329.50202286209,767.4496516509831
Default,FRA,FRA_FR51,Onshore,Alkaline,2020,Lcoh,0.0,2.1602221016161773,6.283465864439438,83560.87995939914,752.4016192656698
Default,FRA,FRA_FR51,Hybrid,Alkaline,2020,Lcoh,1.1213929713803374,1.7699260330629407,6.099498132485465,93680.982318154,566.4577073644558
Default,FRA,FRA_FR52,PV,Alkaline,2020,Lcoh,2.1518699384848285,0.0,8.183684881789606,44773.02810014852,653.9844820575488
Default,FRA,FRA_FR52,Onshore,Alkaline,2020,Lcoh,0.0,2.2423459772341583,6.738436010883849,80046.88905122245,615.2911497570494
Default,FRA,FRA_FR52,Hybrid,Alkaline,2020,Lcoh,1.2677589195245569,1.6992488821731662,6.435499075137547,89184.21302079715,468.94133063664174
Default,FRA,FRA_FR53,PV,Alkaline,2020,Lcoh,2.0892993665854145,0.0,7.949490891342317,45288.56041928202,636.3924142032844
Default,FRA,FRA_FR53,Onshore,Alkaline,2020,Lcoh,0.0,2.1852785910102237,6.48711126595743,81610.75414912595,596.511312223189
Default,FRA,FRA_FR53,Hybrid,Alkaline,2020,Lcoh,1.2430208579067377,1.7023796200733476,6.186498594646679,92459.13031300229,446.26193727364165
Default,FRA,FRA_FR61,PV,Alkaline,2020,Lcoh,2.0892993665854145,0.0,7.609641425563313,47313.82611308443,1023.704215980944
Default,FRA,FRA_FR61,Onshore,Alkaline,2020,Lcoh,0.0,3.1773955191108096,11.423485150701309,61528.179540557314,659.9388778453244
Default,FRA,FRA_FR61,Hybrid,Alkaline,2020,Lcoh,2.115292355113137,0.0,7.610498661419216,47657.883718024415,1011.1248049707101
Default,FRA,FRA_FR62,PV,Alkaline,2020,Lcoh,2.0435171390506137,0.0,7.494032305902477,47419.728604312724,1143.6170894826892
Default,FRA,FRA_FR62,Onshore,Alkaline,2020,Lcoh,0.0,2.207150030540738,7.464431784248552,71424.63465950936,1038.0706067719943
Default,FRA,FRA_FR62,Hybrid,Alkaline,2020,Lcoh,1.4216869264671332,1.3668458542033246,6.76449845856262,78554.90749059914,829.9393699689526
Default,FRA,FRA_FR63,PV,Alkaline,2020,Lcoh,2.0435171390506137,0.0,7.968604995507284,44592.08379007926,427.6389044028569
Default,FRA,FRA_FR63,Onshore,Alkaline,2020,Lcoh,0.0,2.3830324972602237,7.452446831698945,75675.99411531092,359.521904884117
Default,FRA,FRA_FR63,Hybrid,Alkaline,2020,Lcoh,1.433763825767764,1.612593735278359,6.751497477377572,85269.74792892518,283.8578418956518
Default,FRA,FRA_FR71,PV,Alkaline,2020,Lcoh,2.0892993665854145,0.0,7.6074918282602875,47327.212856408085,1103.2962323688057
Default,FRA,FRA_FR71,Onshore,Alkaline,2020,Lcoh,0.0,2.2322065199347843,7.667679749829406,70101.60928849502,1012.4142833464288
Default,FRA,FRA_FR71,Hybrid,Alkaline,2020,Lcoh,1.4620752864935247,1.2894008294738963,6.985499313668947,74714.38783748624,829.995279319006
Default,FRA,FRA_FR72,PV,Alkaline,2020,Lcoh,2.0702351192296145,0.0,7.800486325434317,45904.761650799024,647.8724295794486
Default,FRA,FRA_FR72,Onshore,Alkaline,2020,Lcoh,0.0,2.2322065199347843,7.9938583554533205,67237.62496516398,589.0804723179991
Default,FRA,FRA_FR72,Hybrid,Alkaline,2020,Lcoh,1.5127055342048632,1.3261582117450326,7.009497903140977,76116.37260795795,468.0862649747671
Default,FRA,FRA_FR81,PV,Alkaline,2020,Lcoh,1.9798874298664437,0.0,7.016393877784405,49724.59019244968,719.1182488674735
Default,FRA,FRA_FR81,Onshore,Alkaline,2020,Lcoh,0.0,2.0633148590656627,6.936864652249758,73230.06811878888,676.5114176253691
Default,FRA,FRA_FR81,Hybrid,Alkaline,2020,Lcoh,1.3303414198156165,1.3313882161801194,6.393498558096466,80686.25595643013,529.6071055698012
Default,FRA,FRA_FR82,PV,Alkaline,2020,Lcoh,1.9600897098513947,0.0,6.938923518201714,49988.6357937544,833.0376269191877
Default,FRA,FRA_FR82,Onshore,Alkaline,2020,Lcoh,0.0,1.8488531375857697,6.206009735657228,75809.72498820306,865.840668025741
Default,FRA,FRA_FR82,Hybrid,Alkaline,2020,Lcoh,1.2333754845199563,1.3837811862085763,5.844498925585553,88152.27803365758,617.3656015423114
Default,FRA,FRA_FR83,PV,Alkaline,2020,Lcoh,1.9798874298664437,0.0,6.927936654774724,50360.4010394141,225.9412375893567
Default,FRA,FRA_FR83,Onshore,Alkaline,2020,Lcoh,0.0,1.9600897098513947,10.319247261477736,47451.320611002404,223.74837050315423
Default,FRA,FRA_FR83,Hybrid,Alkaline,2020,Lcoh,1.9922339326653324,0.0006808143617159848,6.9284950339025695,50555.87995520865,224.46276766702334
Default,DEU,DEU_DE11,PV,Alkaline,2020,Lcoh,2.1602221016161773,0.0,8.376305359853445,43844.194562883014,250.50448857333015
Default,DEU,DEU_DE11,Onshore,Alkaline,2020,Lcoh,0.0,2.751105334851395,13.207320547847686,47557.98003490567,192.84417548461758
Default,DEU,DEU_DE11,Hybrid,Alkaline,2020,Lcoh,2.1674724542223163,0.0,8.376498817602808,43931.71609854669,249.6665328853402
Default,DEU,DEU_DE12,PV,Alkaline,2020,Lcoh,2.166486223964689,0.0,8.431176556171835,43634.507639842275,163.8720844208523
Default,DEU,DEU_DE12,Onshore,Alkaline,2020,Lcoh,0.0,2.63986876258577,12.825249401552075,47456.61087774534,131.84947379896175
Default,DEU,DEU_DE12,Hybrid,Alkaline,2020,Lcoh,2.1822710889534096,0.0,8.431498874722427,43824.33054274002,162.686760223003
Default,DEU,DEU_DE13,PV,Alkaline,2020,Lcoh,2.1407337209763635,0.0,8.231920867414255,44371.97819619567,225.14085593610432
Default,DEU,DEU_DE13,Onshore,Alkaline,2020,Lcoh,0.0,2.9883802498313297,17.62108790485442,37996.96263602093,158.11786213339815
Default,DEU,DEU_DE13,Hybrid,Alkaline,2020,Lcoh,2.152686336353964,0.0,8.232495613977273,44517.38829716179,223.89077968888577
Default,DEU,DEU_DE14,PV,Alkaline,2020,Lcoh,2.166486223964689,0.0,8.194485686096773,44896.39384438602,216.2273494408798
Default,DEU,DEU_DE14,Onshore,Alkaline,2020,Lcoh,0.0,2.659666482600819,13.441148532417275,45538.434312771504,172.67887256549685
Default,DEU,DEU_DE14,Hybrid,Alkaline,2020,Lcoh,2.1672190331971892,0.0,8.194498706998889,44905.46986965982,216.15423574283537
Default,DEU,DEU_DE21,PV,Alkaline,2020,Lcoh,2.207150030540738,0.0,8.319180387298324,44722.61825129947,406.9764646149552
Default,DEU,DEU_DE21,Onshore,Alkaline,2020,Lcoh,0.0,2.59467943552017,12.440278683541132,48290.057372082396,339.4042439336836
Default,DEU,DEU_DE21,Hybrid,Alkaline,2020,Lcoh,2.2182623407733932,0.0,8.319498029049779,44857.53388370132,404.93772976873595
Default,DEU,DEU_DE22,PV,Alkaline,2020,Lcoh,2.1852785910102237,0.0,8.380955066419233,44125.647344473175,241.99526396478615
Default,DEU,DEU_DE22,Onshore,Alkaline,2020,Lcoh,0.0,2.6134718025657047,12.339131615478049,48953.0077967987,198.37899560816695
Default,DEU,DEU_DE22,Hybrid,Alkaline,2020,Lcoh,2.1954879366192386,0.0,8.381496687225642,44247.38619494766,240.86994997678687
Default,DEU,DEU_DE23,PV,Alkaline,2020,Lcoh,2.1852785910102237,0.0,8.421381034088121,43913.57491716458,227.27559343950315
Default,DEU,DEU_DE23,Onshore,Alkaline,2020,Lcoh,0.0,2.533730985838424,11.420221872007671,51672.18865780729,192.17590595489958
Default,DEU,DEU_DE23,Hybrid,Alkaline,2020,Lcoh,2.117942855843343,0.35156946353417634,8.416497042455594,50440.65869396636,200.54581991350648
Default,DEU,DEU_DE24,PV,Alkaline,2020,Lcoh,2.1258854309650768,0.0,8.4982163638742,42801.20879420732,174.50444935874546
Default,DEU,DEU_DE24,Onshore,Alkaline,2020,Lcoh,0.0,2.6134718025657047,10.765640365812489,56114.564598001234,139.16446996288428
Default,DEU,DEU_DE24,Hybrid,Alkaline,2020,Lcoh,1.8668287372191752,1.1175508332828292,8.348498301430576,63853.58607344507,123.38201105001554
Default,DEU,DEU_DE25,PV,Alkaline,2020,Lcoh,2.1852785910102237,0.0,8.460081293467983,43712.45652781786,170.0799874389133
Default,DEU,DEU_DE25,Onshore,Alkaline,2020,Lcoh,0.0,2.5782758558722843,10.927382066418348,54718.95811638999,141.3287353096169
Default,DEU,DEU_DE25,Hybrid,Alkaline,2020,Lcoh,1.930776188272033,1.0974867289734656,8.30549771165124,64548.797457782566,121.85122735202425
Default,DEU,DEU_DE26,PV,Alkaline,2020,Lcoh,2.1602221016161773,0.0,8.479146502088005,43311.79297458962,202.34542402854265
Default,DEU,DEU_DE26,Onshore,Alkaline,2020,Lcoh,0.0,2.396551773659389,10.624928185177225,53281.644058502054,178.81535329858326
Default,DEU,DEU_DE26,Hybrid,Alkaline,2020,Lcoh,1.8703601024347776,1.104766100498175,8.227498881454705,64565.40019545563,145.8387554972868
Default,DEU,DEU_DE27,PV,Alkaline,2020,Lcoh,2.166486223964689,0.0,8.17644252112197,44995.58918419435,237.31273397420858
Default,DEU,DEU_DE27,Onshore,Alkaline,2020,Lcoh,0.0,2.553219366478238,13.214389202423064,44909.47334613406,197.41887502649735
Default,DEU,DEU_DE27,Hybrid,Alkaline,2020,Lcoh,2.1688076839939106,0.0,8.176498409203248,45024.323259762816,237.05871789412356
Default,DEU,DEU_DE30,PV,Alkaline,2020,Lcoh,2.2148740852805484,0.0,8.979833402345594,41516.649445521965,20.65231644466305
Default,DEU,DEU_DE30,Onshore,Alkaline,2020,Lcoh,0.0,2.830296214911591,12.344626245944184,52007.94726075376,15.844763101951795
Default,DEU,DEU_DE30,Hybrid,Alkaline,2020,Lcoh,2.226216759473695,0.006428451339184212,8.980496522880163,41768.19132732555,20.48675101226882
Default,DEU,DEU_DE40,PV,Alkaline,2020,Lcoh,2.2610687653156627,0.0,8.883972549963913,42496.96481174485,672.0203450363608
Default,DEU,DEU_DE40,Onshore,Alkaline,2020,Lcoh,0.0,2.49155333289827,9.54808776655695,61040.41478362773,597.8962537440992
Default,DEU,DEU_DE40,Hybrid,Alkaline,2020,Lcoh,1.7840969512070923,1.3671020901576527,8.138497210661942,69836.94318971265,478.0445405802255
Default,DEU,DEU_DE50,PV,Alkaline,2020,Lcoh,2.1695216362951566,0.0,9.278472864459948,39679.029161379796,9.777890209950177
Default,DEU,DEU_DE50,Onshore,Alkaline,2020,Lcoh,0.0,2.2351535535512848,7.886473947135307,68219.80155360457,9.30468352207007
Default,DEU,DEU_DE50,Hybrid,Alkaline,2020,Lcoh,1.4296243377050717,1.6208001681430013,7.418498921642701,77729.54396282976,6.881103418884019
Default,DEU,DEU_DE60,PV,Alkaline,2020,Lcoh,2.2148740852805484,0.0,9.33374032865888,39940.776536349666,17.401596454166153
Default,DEU,DEU_DE60,Onshore,Alkaline,2020,Lcoh,0.0,2.5782758558722843,9.711571752257147,61576.39063938127,14.655767996008715
Default,DEU,DEU_DE60,Hybrid,Alkaline,2020,Lcoh,1.6969655210495607,1.365141920238074,8.428498041404545,66333.03753977266,12.475631767717188
Default,DEU,DEU_DE71,PV,Alkaline,2020,Lcoh,2.1407337209763635,0.0,8.50157700932156,42962.914080537725,178.09524698904832
Default,DEU,DEU_DE71,Onshore,Alkaline,2020,Lcoh,0.0,2.9137236441108096,14.760318715029575,44480.44860516868,128.28221478175473
Default,DEU,DEU_DE71,Hybrid,Alkaline,2020,Lcoh,2.1672341080813204,0.0,8.502498615041947,43277.051533097605,175.91754363472958
Default,DEU,DEU_DE72,PV,Alkaline,2020,Lcoh,2.1852785910102237,0.0,8.69416074666242,42534.19783128811,126.28446033243041
Default,DEU,DEU_DE72,Onshore,Alkaline,2020,Lcoh,0.0,2.770903054866444,13.160381654355428,47991.236661759875,97.64167489073006
Default,DEU,DEU_DE72,Hybrid,Alkaline,2020,Lcoh,2.193226914080269,0.0,8.694497575431162,42626.05255152684,125.8268014905639
Default,DEU,DEU_DE73,PV,Alkaline,2020,Lcoh,2.187661649900924,0.0,8.76544443120163,42215.70690517718,193.93950835088904
Default,DEU,DEU_DE73,Onshore,Alkaline,2020,Lcoh,0.0,2.830296214911591,13.001387380807367,49378.75936390617,146.96515654528164
Default,DEU,DEU_DE73,Hybrid,Alkaline,2020,Lcoh,2.1916030297754006,0.0,8.765499214699313,42261.43331696174,193.59072745184164
Default,DEU,DEU_DE80,PV,Alkaline,2020,Lcoh,2.192546194419265,0.0,9.04408547099053,40968.87345536051,542.4438653840477
Default,DEU,DEU_DE80,Onshore,Alkaline,2020,Lcoh,0.0,2.1227080191108096,7.197399633517088,72021.914717731,549.3044558040235
Default,DEU,DEU_DE80,Hybrid,Alkaline,2020,Lcoh,1.2482940782778846,1.7363210852332336,6.901498500091808,83806.61471753777,393.90482963485965
Default,DEU,DEU_DE91,PV,Alkaline,2020,Lcoh,2.2119780067675445,0.0,8.842926722849526,42126.64310973072,188.2119695082126
Default,DEU,DEU_DE91,Onshore,Alkaline,2020,Lcoh,0.0,2.5782758558722843,10.4820731500556,57045.79823621659,158.3064064009597
Default,DEU,DEU_DE91,Hybrid,Alkaline,2020,Lcoh,1.8548731950625155,1.1941709209114113,8.44949801227506,64533.73223187337,135.4801675285587
Default,DEU,DEU_DE92,PV,Alkaline,2020,Lcoh,2.2412710453006137,0.0,9.027351168169083,41596.9459429197,207.6011635167612
Default,DEU,DEU_DE92,Onshore,Alkaline,2020,Lcoh,0.0,2.49155333289827,9.435145217974602,61771.86876685542,183.08543833120322
Default,DEU,DEU_DE92,Hybrid,Alkaline,2020,Lcoh,1.7321953597898985,1.3193253091277735,8.148498661900062,68072.0846573714,151.17105562018241
Default,DEU,DEU_DE93,PV,Alkaline,2020,Lcoh,2.2504980588525494,0.0,9.19443669631165,40942.84249742647,354.08308284319645
Default,DEU,DEU_DE93,Onshore,Alkaline,2020,Lcoh,0.0,2.4400998834841583,8.837256251431963,64935.57930586436,320.16661510244774
Default,DEU,DEU_DE93,Hybrid,Alkaline,2020,Lcoh,1.6166334391891504,1.4647262049075775,7.941499119121527,71568.75946810159,256.1722542990248
Default,DEU,DEU_DE94,PV,Alkaline,2020,Lcoh,2.2759170553269494,0.0,9.155411354015069,41401.51351520575,337.4835308849294
Default,DEU,DEU_DE94,Onshore,Alkaline,2020,Lcoh,0.0,1.9798874298664437,6.691619820773434,73732.50518813523,380.3367967361136
Default,DEU,DEU_DE94,Hybrid,Alkaline,2020,Lcoh,1.0648357632740317,1.752119827442027,6.558498555507982,85756.36194836651,269.3145392327476
Default,DEU,DEU_DEA1,PV,Alkaline,2020,Lcoh,2.2036258436361957,0.0,8.94236844433057,41562.12956349094,123.06092788443902
Default,DEU,DEU_DEA1,Onshore,Alkaline,2020,Lcoh,0.0,2.40529544443752,9.400495274429858,60392.045663007215,110.53235976263709
Default,DEU,DEU_DEA1,Hybrid,Alkaline,2020,Lcoh,1.7242106880714279,1.3840633531256696,8.040498613414494,70296.98483043714,86.47452350923307
Default,DEU,DEU_DEA2,PV,Alkaline,2020,Lcoh,2.1783953508435796,0.0,8.830356620035166,41797.696195744364,173.1529798238055
Default,DEU,DEU_DEA2,Onshore,Alkaline,2020,Lcoh,0.0,2.3204619253608096,9.195692074989484,60122.07969257763,159.36467180430023
Default,DEU,DEU_DEA2,Hybrid,Alkaline,2020,Lcoh,1.7322364750363586,1.3555507678651184,7.851499040787327,71459.45766628759,121.09405025759702
Default,DEU,DEU_DEA3,PV,Alkaline,2020,Lcoh,2.2412710453006137,0.0,9.079698517460018,41356.86190324425,158.26899283014077
Default,DEU,DEU_DEA3,Onshore,Alkaline,2020,Lcoh,0.0,2.5062914375536773,9.783282648511882,59835.41530653119,138.75814237158198
Default,DEU,DEU_DEA3,Hybrid,Alkaline,2020,Lcoh,1.7752665744304752,1.3200555879530451,8.322498558681547,67191.92163513154,113.63073528562973
Default,DEU,DEU_DEA4,PV,Alkaline,2020,Lcoh,2.2412710453006137,0.0,9.049441946124775,41495.29045335113,148.99916838003134
Default,DEU,DEU_DEA4,Onshore,Alkaline,2020,Lcoh,0.0,2.770903054866444,11.37785757504624,55516.448372117266,118.1562561938965
Default,DEU,DEU_DEA4,Hybrid,Alkaline,2020,Lcoh,1.9299681958053947,1.1149177420451222,8.88949816325218,60637.74917130543,108.87755348114403
Default,DEU,DEU_DEA5,PV,Alkaline,2020,Lcoh,2.1924896261277307,0.0,8.993480241766294,41199.01365586596,187.6546433583174
Default,DEU,DEU_DEA5,Onshore,Alkaline,2020,Lcoh,0.0,2.8691787740769494,12.308376393816745,52714.61353260624,140.58503107575342
Default,DEU,DEU_DEA5,Hybrid,Alkaline,2020,Lcoh,2.1936307576600966,0.0,8.993499130804212,41211.90454207263,187.55702500117897
Default,DEU,DEU_DEB1,PV,Alkaline,2020,Lcoh,2.1518699384848285,0.0,8.618953077306868,42509.30625453106,192.33568107231264
Default,DEU,DEU_DEB1,Onshore,Alkaline,2020,Lcoh,0.0,2.4979392744223285,12.404241720723581,47064.31989097736,162.44031765227246
Default,DEU,DEU_DEB1,Hybrid,Alkaline,2020,Lcoh,2.1740682559531828,0.0,8.619497261342653,42770.03620312682,190.37183817214415
Default,DEU,DEU_DEB2,PV,Alkaline,2020,Lcoh,2.1407337209763635,0.0,8.730001312782544,41837.48148351334,117.93972625328101
Default,DEU,DEU_DEB2,Onshore,Alkaline,2020,Lcoh,0.0,2.4299604261847843,11.916139477717199,47994.42358835031,101.86462552587143
Default,DEU,DEU_DEB2,Hybrid,Alkaline,2020,Lcoh,2.0804923979469083,0.26395640419120514,8.72849905033987,46437.846609465065,107.44969482882763
Default,DEU,DEU_DEB3,PV,Alkaline,2020,Lcoh,2.1602221016161773,0.0,8.494689623238163,43232.45000798413,162.61547861559907
Default,DEU,DEU_DEB3,Onshore,Alkaline,2020,Lcoh,0.0,2.49155333289827,12.386969382570788,47039.69247376073,138.226059399613
Default,DEU,DEU_DEB3,Hybrid,Alkaline,2020,Lcoh,2.184166335471461,0.0,8.495495710772179,43516.630073105116,160.83278332118584
Default,DEU,DEU_DEC0,PV,Alkaline,2020,Lcoh,2.1407337209763635,0.0,8.662576472759982,42163.498306924674,61.67990829432443
Default,DEU,DEU_DEC0,Onshore,Alkaline,2020,Lcoh,0.0,2.379469533765423,12.347493670619354,45600.0997008836,54.40340086626291
Default,DEU,DEU_DEC0,Hybrid,Alkaline,2020,Lcoh,2.1506303852368203,0.006890934524308602,8.663495553224863,42415.24062492048,61.1960699627213
Default,DEU,DEU_DED2,PV,Alkaline,2020,Lcoh,2.2412710453006137,0.0,8.707396066691464,43127.191887599176,181.66886948290443
Default,DEU,DEU_DED2,Onshore,Alkaline,2020,Lcoh,0.0,2.396551773659389,9.769183575627117,57953.70287753097,166.56659457098561
Default,DEU,DEU_DED2,Hybrid,Alkaline,2020,Lcoh,1.8274116627837924,1.280042116090582,8.113498380726506,68718.05341637909,129.95916963907723
Default,DEU,DEU_DED4,PV,Alkaline,2020,Lcoh,2.222478678255079,0.0,8.64420314218738,43220.47379760954,150.58358009789387
Default,DEU,DEU_DED4,Onshore,Alkaline,2020,Lcoh,0.0,2.5782758558722843,10.94538774904018,54628.86051620864,127.25816830633305
Default,DEU,DEU_DED4,Hybrid,Alkaline,2020,Lcoh,1.9395746443157214,1.0953217098605732,8.4674998496668,63373.85314193105,109.48328015657133
Default,DEU,DEU_DED5,PV,Alkaline,2020,Lcoh,2.2148740852805484,0.0,8.675927744819726,42972.59796246576,92.00253792415195
Default,DEU,DEU_DED5,Onshore,Alkaline,2020,Lcoh,0.0,2.3204619253608096,9.6818579973711,57099.98131838851,86.09426661619815
Default,DEU,DEU_DED5,Hybrid,Alkaline,2020,Lcoh,1.8017885980174342,1.2975666184619679,8.002497418950567,69728.66209196243,65.20129588673953
Default,DEU,DEU_DEE0,PV,Alkaline,2020,Lcoh,2.2610687653156627,0.0,8.698195515384167,43405.66444763429,465.93340963756674
Default,DEU,DEU_DEE0,Onshore,Alkaline,2020,Lcoh,0.0,2.49155333289827,10.056984468945558,57948.61486178702,414.54078313870525
Default,DEU,DEU_DEE0,Hybrid,Alkaline,2020,Lcoh,1.881064745790601,1.2159363452764587,8.225498150026963,67082.69240988597,337.5198764261272
Default,DEU,DEU_DEF0,PV,Alkaline,2020,Lcoh,2.2759170553269494,0.0,9.233559841914161,41050.73076609359,352.8811363372558
Default,DEU,DEU_DEF0,Onshore,Alkaline,2020,Lcoh,0.0,1.8224561775657044,5.649404968941807,82472.80849582505,432.04363138375805
Default,DEU,DEU_DEF0,Hybrid,Alkaline,2020,Lcoh,0.0,1.8244537995058343,5.64949636721936,82533.4705589029,431.5705803054686
Default,DEU,DEU_DEG0,PV,Alkaline,2020,Lcoh,2.2119780067675445,0.0,8.620723216897161,43213.7396935133,375.27124076869666
Default,DEU,DEU_DEG0,Onshore,Alkaline,2020,Lcoh,0.0,2.4400998834841583,10.71723918386441,53534.154652289115,333.51725812827095
Default,DEU,DEU_DEG0,Hybrid,Alkaline,2020,Lcoh,1.8917111586179023,1.1171774604362283,8.377497737487907,63928.28446476663,273.8463057511149
Default,ITA,ITA_ITC1,PV,Alkaline,2020,Lcoh,2.0184606496565674,0.0,7.182625465467795,49121.60704343771,644.8067715859102
Default,ITA,ITA_ITC1,Onshore,Alkaline,2020,Lcoh,0.0,3.7793958748313297,16.75123411493255,48241.267855299906,337.6193429576748
Default,ITA,ITA_ITC1,Hybrid,Alkaline,2020,Lcoh,2.0411917700956796,0.0,7.183496417055298,49439.37925645605,637.6260742111664
Default,ITA,ITA_ITC2,PV,Alkaline,2020,Lcoh,1.9336927498313294,0.0,6.875703647048729,50056.135790416265,86.4097423154453
Default,ITA,ITA_ITC2,Onshore,Alkaline,2020,Lcoh,0.0,1.6809391419025765,7.912847565790253,55717.63929786949,97.45362919450315
Default,ITA,ITA_ITC2,Hybrid,Alkaline,2020,Lcoh,1.4952498333233515,1.062497424798246,6.46349749680271,75128.99837980366,64.78870616898176
Default,ITA,ITA_ITC3,PV,Alkaline,2020,Lcoh,1.979943998157978,0.0,7.110598033982816,49065.70431399122,140.3754187883898
Default,ITA,ITA_ITC3,Onshore,Alkaline,2020,Lcoh,0.0,4.04611876258577,17.859779858548976,47860.676772405386,67.34497152713615
Default,ITA,ITA_ITC3,Hybrid,Alkaline,2020,Lcoh,2.007356101349356,0.0,7.111499002845623,49453.84002546151,138.45847666597632
Default,ITA,ITA_ITC4,PV,Alkaline,2020,Lcoh,2.0976515297167633,0.0,7.521022256254952,47985.66662567506,583.2694156683109
Default,ITA,ITA_ITC4,Onshore,Alkaline,2020,Lcoh,0.0,2.8691787740769494,10.493129343881975,61842.61754405732,418.0659203102972
Default,ITA,ITA_ITC4,Hybrid,Alkaline,2020,Lcoh,2.114243517503265,0.0,7.521497253450645,48208.30187402854,578.6920815339549
Default,ITA,ITA_ITF1,PV,Alkaline,2020,Lcoh,2.024724772005079,0.0,7.164179246279344,49337.71579386514,273.2366441041534
Default,ITA,ITA_ITF1,Onshore,Alkaline,2020,Lcoh,0.0,1.9149003827857947,11.820103587717657,40751.37530473987,283.24260589430463
Default,ITA,ITA_ITF1,Hybrid,Alkaline,2020,Lcoh,2.0381450329319266,0.0,7.164497160123173,49527.16210996086,271.4375046909101
Default,ITA,ITA_ITF2,PV,Alkaline,2020,Lcoh,2.0058719373861957,0.0,7.036165953353565,49962.492865074426,113.64543746312485
Default,ITA,ITA_ITF2,Onshore,Alkaline,2020,Lcoh,0.0,2.2759170553269494,9.39303938844011,58026.64292336073,98.19708709942178
Default,ITA,ITA_ITF2,Hybrid,Alkaline,2020,Lcoh,1.955585443385613,0.1290820088710888,7.035499135530706,52451.835493815124,109.21465705533882
Default,ITA,ITA_ITF3,PV,Alkaline,2020,Lcoh,2.0142241005175445,0.0,7.021742336128129,50186.96445473694,346.3719469706857
Default,ITA,ITA_ITF3,Onshore,Alkaline,2020,Lcoh,0.0,2.3830324972602237,9.422428492154095,59837.327115806685,287.025420766769
Default,ITA,ITA_ITF3,Hybrid,Alkaline,2020,Lcoh,2.0333452021886296,9.778303220337306e-05,7.02249285444412,50462.60853423165,343.0979168922603
Default,ITA,ITA_ITF4,PV,Alkaline,2020,Lcoh,2.0435171390506137,0.0,7.003561363327642,50745.358820007816,486.37698081843087
Default,ITA,ITA_ITF4,Onshore,Alkaline,2020,Lcoh,0.0,2.49155333289827,8.184423174719093,71223.23142186594,391.093805610717
Default,ITA,ITA_ITF4,Hybrid,Alkaline,2020,Lcoh,1.6811770460081705,1.0254541425641481,6.841498965696828,72803.40390854307,364.454922527075
Default,ITA,ITA_ITF5,PV,Alkaline,2020,Lcoh,2.0171201790305484,0.0,7.0740408027774295,49857.29138662273,253.95186590435034
Default,ITA,ITA_ITF5,Onshore,Alkaline,2020,Lcoh,0.0,2.2759170553269494,8.766154451364914,62180.98129184684,220.66150710250943
Default,ITA,ITA_ITF5,Hybrid,Alkaline,2020,Lcoh,1.7884450663975437,0.6237389747844202,7.011498567993893,62558.56073663005,211.26742816334016
Default,ITA,ITA_ITF6,PV,Alkaline,2020,Lcoh,1.9798874298664437,0.0,6.855237694423457,50895.24715606844,391.0579217027092
Default,ITA,ITA_ITF6,Onshore,Alkaline,2020,Lcoh,0.0,2.5261993429246057,9.10133381720734,64706.994007422436,300.4787726255673
Default,ITA,ITA_ITF6,Hybrid,Alkaline,2020,Lcoh,1.9702390336834852,0.016966105693537955,6.855498442173176,51183.10927892636,389.5513677958732
Default,ITA,ITA_ITG1,PV,Alkaline,2020,Lcoh,1.898496803137909,0.0,6.617858038951033,51465.21084358769,696.0654305962933
Default,ITA,ITA_ITG1,Onshore,Alkaline,2020,Lcoh,0.0,2.222478678255079,9.005428217922711,59487.22045553766,582.9377236358597
Default,ITA,ITA_ITG1,Hybrid,Alkaline,2020,Lcoh,1.9156146477654463,0.0,6.618496935672838,51724.87052638754,689.8454218354258
Default,ITA,ITA_ITG2,PV,Alkaline,2020,Lcoh,1.9798874298664437,0.0,6.841466787812081,50997.8420624507,624.8866099862595
Default,ITA,ITA_ITG2,Onshore,Alkaline,2020,Lcoh,0.0,2.198797867409389,8.280856255981455,64197.48830341501,551.6406204434728
Default,ITA,ITA_ITG2,Hybrid,Alkaline,2020,Lcoh,1.7237498759830454,0.6827445140101465,6.76049901045733,65435.42482555798,511.2102605769376
Default,ITA,ITA_ITH1,PV,Alkaline,2020,Lcoh,2.0435171390506137,0.0,7.374155109277613,48191.649353596695,185.3255374961012
Default,ITA,ITA_ITH1,Onshore,Alkaline,2020,Lcoh,0.0,2.4299604261847843,12.720927484283873,44955.673148325965,152.7967723163511
Default,ITA,ITA_ITH1,Hybrid,Alkaline,2020,Lcoh,2.0493837804069575,2.6075475254232815e-05,7.374524308366279,48271.23845700188,184.79261955286938
Default,ITA,ITA_ITH2,PV,Alkaline,2020,Lcoh,2.0633148590656627,0.0,7.5331674869428875,47441.90682140356,154.639107122073
Default,ITA,ITA_ITH2,Onshore,Alkaline,2020,Lcoh,0.0,2.1852785910102237,9.016415220097635,58691.71276303375,143.14555160968786
Default,ITA,ITA_ITH2,Hybrid,Alkaline,2020,Lcoh,1.7760488195898536,0.6504749191456833,7.440498597772358,59406.07721000575,130.7910721046379
Default,ITA,ITA_ITH3,PV,Alkaline,2020,Lcoh,2.1407337209763635,0.0,7.708206028557606,47390.637780593104,425.40031236864183
Default,ITA,ITA_ITH3,Onshore,Alkaline,2020,Lcoh,0.0,3.4377199972602237,14.214822637323909,52645.165787755555,259.7106638871256
Default,ITA,ITA_ITH3,Hybrid,Alkaline,2020,Lcoh,2.1492833951716404,0.0,7.708498086684242,47502.300461229264,423.70810459302163
Default,ITA,ITA_ITH4,PV,Alkaline,2020,Lcoh,2.1258854309650768,0.0,7.775379936158438,46785.33746802292,185.8025399558956
Default,ITA,ITA_ITH4,Onshore,Alkaline,2020,Lcoh,0.0,2.8803149915854145,13.405410184755228,48542.99408669043,134.447071091553
Default,ITA,ITA_ITH4,Hybrid,Alkaline,2020,Lcoh,2.131253833926169,0.0,7.775498671237524,46855.25013905855,185.3345230121606
Default,ITA,ITA_ITH5,PV,Alkaline,2020,Lcoh,2.103915652065275,0.0,7.5370271597204885,47968.65683515335,547.2131532759782
Default,ITA,ITA_ITH5,Onshore,Alkaline,2020,Lcoh,0.0,3.773747142645966,14.931253580366036,54059.1086429836,299.0968805179008
Default,ITA,ITA_ITH5,Hybrid,Alkaline,2020,Lcoh,2.121633492816337,0.0,7.537497016632675,48206.13301715871,542.643355740514
Default,ITA,ITA_ITI1,PV,Alkaline,2020,Lcoh,2.0171201790305484,0.0,7.315389963372012,48210.14927839684,584.7268187193805
Default,ITA,ITA_ITI1,Onshore,Alkaline,2020,Lcoh,0.0,2.9762942160102237,11.495886149528719,58075.836422622735,388.5158626925303
Default,ITA,ITA_ITI1,Hybrid,Alkaline,2020,Lcoh,2.02294080332654,0.0,7.315498267039789,48290.833929801505,583.0443794102523
Default,ITA,ITA_ITI2,PV,Alkaline,2020,Lcoh,2.0633148590656627,0.0,7.325136490446808,48791.08016418666,210.20430614561013
Default,ITA,ITA_ITI2,Onshore,Alkaline,2020,Lcoh,0.0,2.8543304840656627,13.628922735416994,47412.360944011365,148.97132713871412
Default,ITA,ITA_ITI2,Hybrid,Alkaline,2020,Lcoh,2.075941166473718,0.0,7.325497894533217,48965.00282721256,208.92579968754907
Default,ITA,ITA_ITI3,PV,Alkaline,2020,Lcoh,2.0781631490769494,0.0,7.413473458199796,48413.813532287146,231.5851889487261
Default,ITA,ITA_ITI3,Onshore,Alkaline,2020,Lcoh,0.0,2.717696682326,11.426073649458328,54466.224561535535,173.61580729160684
Default,ITA,ITA_ITI3,Hybrid,Alkaline,2020,Lcoh,2.080404740417532,0.0,7.413499259610356,48444.57771261577,231.33566089100285
Default,ITA,ITA_ITI4,PV,Alkaline,2020,Lcoh,2.0184606496565674,0.0,7.0758708059046755,49863.760499276934,437.7523959548547
Default,ITA,ITA_ITI4,Onshore,Alkaline,2020,Lcoh,0.0,2.8543304840656627,12.436362501132885,51962.53371341173,303.49000403462816
Default,ITA,ITA_ITI4,Hybrid,Alkaline,2020,Lcoh,2.040940548601904,0.0,7.076496765295393,50184.349578363806,432.930780925017
Default,AUT,AUT_AT11,PV,Alkaline,2020,Lcoh,2.1258854309650768,0.0,7.914021337937966,45964.69383714589,95.43776901062361
Default,AUT,AUT_AT11,Onshore,Alkaline,2020,Lcoh,0.0,2.0435171390506137,7.157359339817757,70486.11596865373,97.337834002538
Default,AUT,AUT_AT11,Hybrid,Alkaline,2020,Lcoh,1.4467215364618482,1.5178173333947196,6.623498797285928,84611.9475347125,67.74519575310751
Default,AUT,AUT_AT12,PV,Alkaline,2020,Lcoh,2.187661649900924,0.0,8.160204270362422,45350.67633534757,449.91901080941665
Default,AUT,AUT_AT12,Onshore,Alkaline,2020,Lcoh,0.0,2.2674024666282047,7.543322263087802,72076.5631661275,425.5844107336549
Default,AUT,AUT_AT12,Hybrid,Alkaline,2020,Lcoh,1.4741341730467277,1.6388506154633433,6.940498767221714,84202.58752814295,312.8878242633499
Default,AUT,AUT_AT13,PV,Alkaline,2020,Lcoh,2.1852785910102237,0.0,8.11040967739052,45599.39878451145,9.654657365499169
Default,AUT,AUT_AT13,Onshore,Alkaline,2020,Lcoh,0.0,2.751105334851395,10.16117261255287,61829.103994612204,7.518587977145668
Default,AUT,AUT_AT13,Hybrid,Alkaline,2020,Lcoh,2.054933854123171,0.46597539006223876,8.088498344345025,54170.49786333493,8.3384223769487
Default,AUT,AUT_AT21,PV,Alkaline,2020,Lcoh,2.0633148590656627,0.0,7.636061674999191,46801.79968743764,237.15173489710858
Default,AUT,AUT_AT21,Onshore,Alkaline,2020,Lcoh,0.0,2.533730985838424,13.73538987916389,42956.23966885344,189.33510181784627
Default,AUT,AUT_AT21,Hybrid,Alkaline,2020,Lcoh,2.072192579769337,0.0,7.6364958180456455,46918.06171724759,236.13572562877954
Default,AUT,AUT_AT22,PV,Alkaline,2020,Lcoh,2.1258854309650768,0.0,7.797048398179923,46655.151259301645,396.028906767968
Default,AUT,AUT_AT22,Onshore,Alkaline,2020,Lcoh,0.0,2.976350784301758,13.306528763708341,50168.15727796352,277.3208075576807
Default,AUT,AUT_AT22,Hybrid,Alkaline,2020,Lcoh,2.144527443675343,0.0,7.797498261466973,46897.02213964998,392.58629476718676
Default,AUT,AUT_AT31,PV,Alkaline,2020,Lcoh,2.1602221016161773,0.0,8.289217401953364,44305.3856616159,284.1063812859746
Default,AUT,AUT_AT31,Onshore,Alkaline,2020,Lcoh,0.0,2.63986876258577,10.4530318659352,58236.75652417943,227.92758279236645
Default,AUT,AUT_AT31,Hybrid,Alkaline,2020,Lcoh,1.9359745075009929,1.1003085012660816,8.141499410113344,65976.68537937176,200.6784997050198
Default,AUT,AUT_AT32,PV,Alkaline,2020,Lcoh,2.1258854309650768,0.0,8.030250895356449,45298.57302730182,172.64953589339711
Default,AUT,AUT_AT32,Onshore,Alkaline,2020,Lcoh,0.0,2.6029010961025913,15.31744836473047,39307.52426991716,138.24436336019252
Default,AUT,AUT_AT32,Hybrid,Alkaline,2020,Lcoh,2.1369478438176737,0.0,8.030497436887188,45438.0932036674,171.7557749855736
Default,AUT,AUT_AT33,PV,Alkaline,2020,Lcoh,2.0976515297167633,0.0,7.700299135188984,46867.020862358026,309.1035517063215
Default,AUT,AUT_AT33,Onshore,Alkaline,2020,Lcoh,0.0,2.8094762746565674,14.508164199524284,43995.53581332061,226.26209170789522
Default,AUT,AUT_AT33,Hybrid,Alkaline,2020,Lcoh,2.1039536801312204,0.0,7.700498250584918,46949.52864930445,308.1776676933357
Default,AUT,AUT_AT34,PV,Alkaline,2020,Lcoh,2.103915652065275,0.0,7.78331862138984,46448.807825782234,63.7423891186462
Default,AUT,AUT_AT34,Onshore,Alkaline,2020,Lcoh,0.0,2.7247083748313297,18.68394549198396,33362.937647310166,48.25434926898887
Default,AUT,AUT_AT34,Hybrid,Alkaline,2020,Lcoh,2.1121333249482968,0.0,7.7834988874906985,46555.733133550755,63.4943867333933
Default,CHE,CHE_CH01,PV,Alkaline,2020,Lcoh,2.0435171390506137,0.0,7.437107283283706,47783.17685144549,218.4703016386066
Default,CHE,CHE_CH01,Onshore,Alkaline,2020,Lcoh,0.0,2.198797867409389,11.747083792416499,45238.5112983229,199.0605565500154
Default,CHE,CHE_CH01,Hybrid,Alkaline,2020,Lcoh,2.051184439666384,0.0,7.437496539234607,47886.13594996208,217.65366250763032
Default,CHE,CHE_CH02,PV,Alkaline,2020,Lcoh,2.1258854309650768,0.0,7.8348001003841015,46430.05779313813,242.792283327426
Default,CHE,CHE_CH02,Onshore,Alkaline,2020,Lcoh,0.0,2.63986876258577,14.603009679307448,41675.31698502771,191.68680833601064
Default,CHE,CHE_CH02,Hybrid,Alkaline,2020,Lcoh,2.152203093598106,0.0,7.83549805453321,46769.50362381372,239.82336026364973
Default,CHE,CHE_CH03,PV,Alkaline,2020,Lcoh,2.1266394456922124,0.0,8.1313327220288,44744.251600320524,46.9812839228532
Default,CHE,CHE_CH03,Onshore,Alkaline,2020,Lcoh,0.0,3.0650638144265154,25.065496414611683,27243.111433797294,31.957960347092282
Default,CHE,CHE_CH03,Hybrid,Alkaline,2020,Lcoh,2.134936842988121,0.0,8.13149858706204,44847.71531694492,46.79869192746931
Default,CHE,CHE_CH04,PV,Alkaline,2020,Lcoh,2.1518699384848285,0.0,8.153307925035936,44940.044790521686,41.23679858916604
Default,CHE,CHE_CH04,Onshore,Alkaline,2020,Lcoh,0.0,3.0982046390506137,22.345384902856424,30820.61412321641,28.07958522896615
Default,CHE,CHE_CH04,Hybrid,Alkaline,2020,Lcoh,2.157795919003091,0.0,8.153498323360852,45013.338856711685,41.12354948023835
Default,CHE,CHE_CH05,PV,Alkaline,2020,Lcoh,2.1602221016161773,0.0,7.864198385893718,46702.90995306535,273.438102763068
Default,CHE,CHE_CH05,Onshore,Alkaline,2020,Lcoh,0.0,2.659666482600819,14.547935241073098,42071.55039874937,217.73592219726677
Default,CHE,CHE_CH05,Hybrid,Alkaline,2020,Lcoh,2.171539010450756,0.0,7.864498257360937,46848.327880475794,272.01308849163314
Default,CHE,CHE_CH06,PV,Alkaline,2020,Lcoh,2.0976515297167633,0.0,7.836854688882044,46049.32943480482,109.56631730235155
Default,CHE,CHE_CH06,Onshore,Alkaline,2020,Lcoh,0.0,2.830296214911591,18.438996183820446,34809.19876924017,79.61196535661496
Default,CHE,CHE_CH06,Hybrid,Alkaline,2020,Lcoh,2.1187812774555996,0.0,7.8374977343636925,46321.33266119465,108.47365678571147
Default,CHE,CHE_CH07,PV,Alkaline,2020,Lcoh,2.0435171390506137,0.0,7.449045636295368,47706.493300737304,70.5063955452401
Default,CHE,CHE_CH07,Onshore,Alkaline,2020,Lcoh,0.0,2.0329464325875004,13.278464447626668,37829.50342778431,69.48334065999556
Default,CHE,CHE_CH07,Hybrid,Alkaline,2020,Lcoh,2.052338439394214,0.0,7.449495480816326,47824.7494221208,70.2033470424635
Default,BEL,BEL_BE10,PV,Alkaline,2020,Lcoh,2.1728133598896373,0.0,8.79217208813783,41914.49446204839,3.7030291444172527
Default,BEL,BEL_BE10,Onshore,Alkaline,2020,Lcoh,0.0,2.3204619253608096,7.748795901925959,71362.89908182672,3.399420855633499
Default,BEL,BEL_BE10,Hybrid,Alkaline,2020,Lcoh,1.4445088205551206,1.6018363312548491,7.173499619691202,80136.90595907126,2.6137079526795994
Default,BEL,BEL_BE21,PV,Alkaline,2020,Lcoh,2.1924896261277307,0.0,8.834249962219735,41942.43439865461,67.11228205381835
Default,BEL,BEL_BE21,Onshore,Alkaline,2020,Lcoh,0.0,2.1086137438266586,6.7434375787739915,76511.19854153479,68.41358503784319
Default,BEL,BEL_BE21,Hybrid,Alkaline,2020,Lcoh,1.1227245554256087,1.7656483415136266,6.54749813204375,87167.51839846725,50.32790424311988
Default,BEL,BEL_BE22,PV,Alkaline,2020,Lcoh,2.1924896261277307,0.0,8.89224764854181,41668.56631367314,56.83349599015189
Default,BEL,BEL_BE22,Onshore,Alkaline,2020,Lcoh,0.0,2.2610687653156627,7.496676644785561,72377.5613079092,54.02913023830349
Default,BEL,BEL_BE22,Hybrid,Alkaline,2020,Lcoh,1.4252368571949117,1.6727707099069908,7.045498320424523,83079.73524176073,39.79189634975307
Default,BEL,BEL_BE23,PV,Alkaline,2020,Lcoh,2.2119780067675445,0.0,8.754318197119447,42553.523703021594,69.8377996238591
Default,BEL,BEL_BE23,Onshore,Alkaline,2020,Lcoh,0.0,2.0058719373861957,6.190314413395857,80449.07942058946,75.50365540065424
Default,BEL,BEL_BE23,Hybrid,Alkaline,2020,Lcoh,0.810238525849825,1.7872923967334082,6.12149865677978,88639.59223053341,58.6644284940214
Default,BEL,BEL_BE24,PV,Alkaline,2020,Lcoh,2.2148740852805484,0.0,8.84471688726254,42151.59735189928,49.119390318120324
Default,BEL,BEL_BE24,Onshore,Alkaline,2020,Lcoh,0.0,2.207150030540738,7.287053497005095,73165.61119185279,48.32479077356556
Default,BEL,BEL_BE24,Hybrid,Alkaline,2020,Lcoh,1.348153045316778,1.701204760880438,6.905499071791679,84346.15929865921,35.28374628211467
Default,BEL,BEL_BE25,PV,Alkaline,2020,Lcoh,2.1602221016161773,0.0,8.557964470291964,42912.429180625346,75.11995281657511
Default,BEL,BEL_BE25,Onshore,Alkaline,2020,Lcoh,0.0,2.0633148590656627,6.447216295233166,78800.3303088493,77.10597515569823
Default,BEL,BEL_BE25,Hybrid,Alkaline,2020,Lcoh,1.0928619872296477,1.684427035236907,6.277499248797154,88167.62416090834,57.72930544619981
Default,BEL,BEL_BE31,PV,Alkaline,2020,Lcoh,2.1924896261277307,0.0,8.836600994767824,41931.26271110741,25.715911469619556
Default,BEL,BEL_BE31,Onshore,Alkaline,2020,Lcoh,0.0,2.1258854309650768,7.160030525626016,72476.11323500985,26.001562206909007
Default,BEL,BEL_BE31,Hybrid,Alkaline,2020,Lcoh,1.345586546032306,1.6745518346656396,6.803499109306283,84887.27509693475,18.463887203355384
Default,BEL,BEL_BE32,PV,Alkaline,2020,Lcoh,2.2119780067675445,0.0,8.781724070077482,42420.5719075473,88.39897843101332
Default,BEL,BEL_BE32,Onshore,Alkaline,2020,Lcoh,0.0,2.198797867409389,7.015054097229507,75797.87256212535,87.18516060408173
Default,BEL,BEL_BE32,Hybrid,Alkaline,2020,Lcoh,1.3014397797337869,1.727341483297439,6.702498669666666,86875.04015953743,63.831424579126775
Default,BEL,BEL_BE33,PV,Alkaline,2020,Lcoh,2.1852785910102237,0.0,8.896430266037125,41566.05072443416,90.37104055919478
Default,BEL,BEL_BE33,Onshore,Alkaline,2020,Lcoh,0.0,2.3236393372150768,7.815042553449254,70828.44785789424,83.32344203674884
Default,BEL,BEL_BE33,Hybrid,Alkaline,2020,Lcoh,1.4656497482593747,1.670140584919621,7.239499116434601,81357.74769627745,62.31425197310448
Default,BEL,BEL_BE34,PV,Alkaline,2020,Lcoh,2.187661649900924,0.0,8.942307195214426,41379.821344501004,104.57400102500345
Default,BEL,BEL_BE34,Onshore,Alkaline,2020,Lcoh,0.0,2.6134718025657047,10.01326441632792,60335.11171764164,85.81948176552453
Default,BEL,BEL_BE34,Hybrid,Alkaline,2020,Lcoh,1.7607950121250606,1.432204934648877,8.367498563924032,69001.94213048297,71.0111137017137
Default,BEL,BEL_BE35,PV,Alkaline,2020,Lcoh,2.1924896261277307,0.0,8.886022008601765,41697.792637181046,85.93451227323094
Default,BEL,BEL_BE35,Onshore,Alkaline,2020,Lcoh,0.0,2.1852785910102237,7.241810315868932,73093.99887918272,84.52753044514945
Default,BEL,BEL_BE35,Hybrid,Alkaline,2020,Lcoh,1.351326193836937,1.721847456736062,6.868498760654694,85375.25977775492,60.628743737431435
Default,NLD,NLD_NL11,PV,Alkaline,2020,Lcoh,2.1924896261277307,0.0,8.974524146786177,41286.131767564926,56.374296987911606
Default,NLD,NLD_NL11,Onshore,Alkaline,2020,Lcoh,0.0,1.79779119581844,5.843381861193572,78990.28299781895,67.40300597413632
Default,NLD,NLD_NL11,Hybrid,Alkaline,2020,Lcoh,0.3390147500541819,1.756119351603473,5.835498356464851,83790.6142479049,58.021211052507475
Default,NLD,NLD_NL12,PV,Alkaline,2020,Lcoh,2.1407337209763635,0.0,8.777805101024905,41609.37535177487,95.47386813264556
Default,NLD,NLD_NL12,Onshore,Alkaline,2020,Lcoh,0.0,2.1266394456922124,7.004342232295437,74108.24050091005,94.22217642423549
Default,NLD,NLD_NL12,Hybrid,Alkaline,2020,Lcoh,1.2704857405852228,1.7128434200833917,6.688498968827545,86203.66667104333,67.73100319747162
Default,NLD,NLD_NL13,PV,Alkaline,2020,Lcoh,2.2610687653156627,0.0,9.06695528003371,41638.37487721398,60.67401104115579
Default,NLD,NLD_NL13,Onshore,Alkaline,2020,Lcoh,0.0,2.659666482600819,8.548897519016318,71629.09190869663,50.56955417008819
Default,NLD,NLD_NL13,Hybrid,Alkaline,2020,Lcoh,1.5974439136423009,1.5984385086813229,7.813498631632734,75490.57026622134,42.50137414960521
Default,NLD,NLD_NL21,PV,Alkaline,2020,Lcoh,2.2610687653156627,0.0,9.008066492616225,41910.88157724403,77.57083636805659
Default,NLD,NLD_NL21,Onshore,Alkaline,2020,Lcoh,0.0,2.830296214911591,8.960331499775169,71673.16554658212,60.75474219546357
Default,NLD,NLD_NL21,Hybrid,Alkaline,2020,Lcoh,1.6572322733108515,1.5315009783609577,8.011499388200821,72921.68681592854,54.480647393272264
Default,NLD,NLD_NL22,PV,Alkaline,2020,Lcoh,2.2610687653156627,0.0,8.992157364745939,41985.113807552734,116.67944588789348
Default,NLD,NLD_NL22,Onshore,Alkaline,2020,Lcoh,0.0,2.7247083748313297,9.004124105388422,69269.41098189613,94.9266009344069
Default,NLD,NLD_NL22,Hybrid,Alkaline,2020,Lcoh,1.674280772329772,1.5244258750098798,8.000499010127038,73085.07784016411,81.69845338677108
Default,NLD,NLD_NL23,PV,Alkaline,2020,Lcoh,2.192546194419265,0.0,8.920006459870104,41539.39799178526,56.32502759913568
Default,NLD,NLD_NL23,Onshore,Alkaline,2020,Lcoh,0.0,2.4299604261847843,7.465255889007955,76647.71134657555,49.82539987486325
Default,NLD,NLD_NL23,Hybrid,Alkaline,2020,Lcoh,1.348094375497456,1.7832349687714504,7.100499460389286,84050.56946502988,38.994460744528624
Default,NLD,NLD_NL31,PV,Alkaline,2020,Lcoh,2.2412710453006137,0.0,8.955283251136493,41932.07286566332,33.203710093146505
Default,NLD,NLD_NL31,Onshore,Alkaline,2020,Lcoh,0.0,2.719059642645966,8.722149094945262,71397.88145533422,26.832558703181654
Default,NLD,NLD_NL31,Hybrid,Alkaline,2020,Lcoh,1.6142528667871552,1.5233715294949879,7.841499330063128,73762.24372937961,23.490011683720905
Default,NLD,NLD_NL32,PV,Alkaline,2020,Lcoh,2.1924896261277307,0.0,8.838048501031716,41924.38737898613,79.71106463208115
Default,NLD,NLD_NL32,Onshore,Alkaline,2020,Lcoh,0.0,1.8686508576008187,5.998459432754593,79015.80872939013,91.69123462112869
Default,NLD,NLD_NL32,Hybrid,Alkaline,2020,Lcoh,0.6768411851083399,1.7330286331378788,5.951497317984888,87283.47206428596,71.49253817558389
Default,NLD,NLD_NL33,PV,Alkaline,2020,Lcoh,2.1852785910102237,0.0,8.712214596746477,42445.95523251576,76.0948636783524
Default,NLD,NLD_NL33,Onshore,Alkaline,2020,Lcoh,0.0,1.9947357198777305,6.64419086748626,74651.37139871933,81.72908144931749
Default,NLD,NLD_NL33,Hybrid,Alkaline,2020,Lcoh,1.1602653785746444,1.6805135319738835,6.43149758205906,87018.92187902819,57.85176119171752
Default,NLD,NLD_NL34,PV,Alkaline,2020,Lcoh,2.1518699384848285,0.0,8.579162026624859,42706.698946415694,45.658149785871785
Default,NLD,NLD_NL34,Onshore,Alkaline,2020,Lcoh,0.0,2.0892993665854145,6.741051923887847,76036.08070600603,46.103456058417414
Default,NLD,NLD_NL34,Hybrid,Alkaline,2020,Lcoh,1.167932008267828,1.6365572830755115,6.481499553906209,85278.75839956503,34.629103431517066
Default,NLD,NLD_NL41,PV,Alkaline,2020,Lcoh,2.2148740852805484,0.0,8.894843133223185,41913.78771307803,117.612689639474
Default,NLD,NLD_NL41,Onshore,Alkaline,2020,Lcoh,0.0,2.4300169944763184,8.10936899374315,70553.42248473542,105.09782803938283
Default,NLD,NLD_NL41,Hybrid,Alkaline,2020,Lcoh,1.5101833886849612,1.591353119236724,7.447499361078723,77840.06860719023,83.13663337738375
Default,NLD,NLD_NL42,PV,Alkaline,2020,Lcoh,2.2036258436361957,0.0,8.884121914960154,41834.92836246122,51.50027938109716
Default,NLD,NLD_NL42,Onshore,Alkaline,2020,Lcoh,0.0,2.830296214911591,10.184468434738065,63049.83846526516,39.311116597022156
Default,NLD,NLD_NL42,Hybrid,Alkaline,2020,Lcoh,1.828518481880281,1.350792068981334,8.419498718863366,67703.55884806179,35.39482033809467
Default,ESP,ESP_ES11,PV,Alkaline,2020,Lcoh,2.0171201790305484,0.0,7.694787135835916,45830.019029246236,752.354432408956
Default,ESP,ESP_ES11,Onshore,Alkaline,2020,Lcoh,0.0,2.9428855634848285,9.954398968717557,66490.18921530689,505.5693203874288
Default,ESP,ESP_ES11,Hybrid,Alkaline,2020,Lcoh,1.9601245198985848,0.1609163525638852,7.695499019708972,48732.81286667651,714.4087255183185
Default,ESP,ESP_ES12,PV,Alkaline,2020,Lcoh,1.9947357198777305,0.0,7.564940678910984,46314.99461744556,272.7856651576497
Default,ESP,ESP_ES12,Onshore,Alkaline,2020,Lcoh,0.0,2.3830324972602237,9.861138055966668,57172.53777577851,223.86014079406246
Default,ESP,ESP_ES12,Hybrid,Alkaline,2020,Lcoh,1.7932118539381983,0.7525923428378055,7.490499180668372,61632.74798308447,212.48180330694206
Default,ESP,ESP_ES13,PV,Alkaline,2020,Lcoh,1.908636260437283,0.0,7.278199470862147,46931.94018595426,143.24608024630155
Default,ESP,ESP_ES13,Onshore,Alkaline,2020,Lcoh,0.0,1.9336927498313294,8.329424198187828,58245.27725339064,138.6175684856763
Default,ESP,ESP_ES13,Hybrid,Alkaline,2020,Lcoh,1.5452846850937727,1.1383554675049135,6.757497829945688,74580.82357933515,101.02125676633432
Default,ESP,ESP_ES21,PV,Alkaline,2020,Lcoh,1.9798874298664437,0.0,7.388049396031568,47219.80642839102,186.77154944676045
Default,ESP,ESP_ES21,Onshore,Alkaline,2020,Lcoh,0.0,2.1518699384848285,8.877396363449312,58952.41822627576,168.4748311374563
Default,ESP,ESP_ES21,Hybrid,Alkaline,2020,Lcoh,1.6289257823971932,1.0556416628318144,7.086498387668636,70275.12713157252,136.67048762069103
Default,ESP,ESP_ES22,PV,Alkaline,2020,Lcoh,1.9798874298664437,0.0,7.0631789483187495,49394.757577044424,269.3061499119258
Default,ESP,ESP_ES22,Onshore,Alkaline,2020,Lcoh,0.0,2.198797867409389,7.0647667413415,75263.74963485042,237.73947025353013
Default,ESP,ESP_ES22,Hybrid,Alkaline,2020,Lcoh,1.4190617138082822,1.316080879887116,6.435497900149808,81152.53839543696,193.08447265614373
Default,ESP,ESP_ES23,PV,Alkaline,2020,Lcoh,1.9336927498313294,0.0,6.939937878258386,49592.16086649796,133.93785616317606
Default,ESP,ESP_ES23,Onshore,Alkaline,2020,Lcoh,0.0,1.9600897098513947,6.946208730861329,70526.62571786993,129.54322111920112
Default,ESP,ESP_ES23,Hybrid,Alkaline,2020,Lcoh,1.4622228599619438,1.1537143163807664,6.184497621505756,80563.02257750148,98.14078682652524
Default,ESP,ESP_ES24,PV,Alkaline,2020,Lcoh,1.94129734280586,0.0,6.723327602182024,51308.015366582746,1260.1281423259288
Default,ESP,ESP_ES24,Onshore,Alkaline,2020,Lcoh,0.0,1.94129734280586,5.904163267269808,82437.17890197967,1235.4197473783618
Default,ESP,ESP_ES24,Hybrid,Alkaline,2020,Lcoh,1.196351875983306,1.485182055004045,5.623497694316306,94110.65299285161,902.2755657700521
Default,ESP,ESP_ES30,PV,Alkaline,2020,Lcoh,1.8674942913583614,0.0,6.7824758590099705,49746.56961468779,220.08826205875874
Default,ESP,ESP_ES30,Onshore,Alkaline,2020,Lcoh,0.0,2.1227080191108096,7.848763039452508,66037.24093228533,189.83038632512697
Default,ESP,ESP_ES30,Hybrid,Alkaline,2020,Lcoh,1.538640491982186,1.0577134228660638,6.45549876611535,75780.0878697847,157.02475186559246
Default,ESP,ESP_ES41,PV,Alkaline,2020,Lcoh,1.94129734280586,0.0,6.9769639224125335,49440.11761932353,2487.4832750154515
Default,ESP,ESP_ES41,Onshore,Alkaline,2020,Lcoh,0.0,1.9947922881692648,5.9916071146311785,82797.37167074603,2373.309497179855
Default,ESP,ESP_ES41,Hybrid,Alkaline,2020,Lcoh,1.233897113786974,1.4135102448875396,5.642498847133825,92246.99711145379,1804.7558262642265
Default,ESP,ESP_ES42,PV,Alkaline,2020,Lcoh,1.8734403137438627,0.0,6.640923167658006,50900.13976002348,2174.0802507084186
Default,ESP,ESP_ES42,Onshore,Alkaline,2020,Lcoh,0.0,1.9600897098513947,6.297432916824513,77803.99465630308,2037.2264768514053
Default,ESP,ESP_ES42,Hybrid,Alkaline,2020,Lcoh,1.3231520697610475,1.2823063713065166,5.725498121844958,88484.91473519271,1548.0226957772759
Default,ESP,ESP_ES43,PV,Alkaline,2020,Lcoh,1.898496803137909,0.0,6.797227012322941,50105.11753646493,1124.1964860345397
Default,ESP,ESP_ES43,Onshore,Alkaline,2020,Lcoh,0.0,2.3384876272263635,8.20429453958444,67781.05486945038,894.7811892066957
Default,ESP,ESP_ES43,Hybrid,Alkaline,2020,Lcoh,1.6110701967068397,0.9548504780160437,6.601499606913458,72492.79838798587,825.6359125942524
Default,ESP,ESP_ES51,PV,Alkaline,2020,Lcoh,1.9600897098513947,0.0,6.772442153082566,51219.282376600895,839.9199001821078
Default,ESP,ESP_ES51,Onshore,Alkaline,2020,Lcoh,0.0,1.898496803137909,6.871563380365895,69722.72038085063,850.1660886393151
Default,ESP,ESP_ES51,Hybrid,Alkaline,2020,Lcoh,1.396915050903035,1.2712150441067116,6.120498473261785,83680.5777500324,611.2066479731279
Default,ESP,ESP_ES52,PV,Alkaline,2020,Lcoh,1.8738318213906446,0.0,6.584391563548259,51343.901714612184,637.2895905369413
Default,ESP,ESP_ES52,Onshore,Alkaline,2020,Lcoh,0.0,1.7069236494223283,6.307724389142391,70640.76158221687,685.8879409401048
Default,ESP,ESP_ES52,Hybrid,Alkaline,2020,Lcoh,1.3650007930828418,1.202898980860948,5.6564977156425265,87861.94127934198,460.7225995672567
Default,ESP,ESP_ES53,PV,Alkaline,2020,Lcoh,1.8651447189040482,0.0,6.55915463949414,51406.23740260079,137.79950988636773
Default,ESP,ESP_ES53,Onshore,Alkaline,2020,Lcoh,0.0,1.6055361486593889,6.665955432212925,64172.65252944348,156.94227649694997
Default,ESP,ESP_ES53,Hybrid,Alkaline,2020,Lcoh,1.3845065582950793,1.1458763808820283,5.776497178933949,84648.34739952188,100.66031455152893
Default,ESP,ESP_ES61,PV,Alkaline,2020,Lcoh,1.8797044360923743,0.0,6.2799684979628,53932.47013736615,2389.1481353613694
Default,ESP,ESP_ES61,Onshore,Alkaline,2020,Lcoh,0.0,1.9600897098513947,5.43295256541751,90206.83680363635,2246.241900906823
Default,ESP,ESP_ES61,Hybrid,Alkaline,2020,Lcoh,0.9736992510997529,1.4752700658348277,5.221498742303853,96672.34208618636,1811.9581028807922
Default,ESP,ESP_ES62,PV,Alkaline,2020,Lcoh,1.8237966481917234,0.0,6.450557296943591,51617.12961822958,318.03406651120815
Default,ESP,ESP_ES62,Onshore,Alkaline,2020,Lcoh,0.0,1.8224561775657044,7.386051438376816,63055.087118032905,312.02744118561856
Default,ESP,ESP_ES62,Hybrid,Alkaline,2020,Lcoh,1.474781205345034,1.075096695685578,6.0794981210872265,79900.98278287346,225.57128924769845
Default,ESP,ESP_ES63,PV,Alkaline,2020,Lcoh,1.787260230872284,0.0,6.3104949486682544,52172.1464298195,0.5343562859228617
Default,ESP,ESP_ES63,Onshore,Alkaline,2020,Lcoh,0.0,1.2958861610474692,4.054244081159809,92213.19093089455,0.7225230235082373
Default,ESP,ESP_ES63,Hybrid,Alkaline,2020,Lcoh,0.0,1.3060634664594608,4.054497419168286,92647.84577020744,0.7168928702528424
Default,ESP,ESP_ES64,PV,Alkaline,2020,Lcoh,1.787260230872284,0.0,6.226279289113769,52878.95375259454,0.30584475628133156
Default,ESP,ESP_ES64,Onshore,Alkaline,2020,Lcoh,0.0,1.4700531403156625,5.3993031224415,74855.11180551072,0.36454875953152666
Default,ESP,ESP_ES64,Hybrid,Alkaline,2020,Lcoh,0.9895020469677375,1.1707462344023156,5.15049929374097,87952.90383178704,0.2503243944423114
Default,PRT,PRT_PT11,PV,Alkaline,2020,Lcoh,1.9149003827857947,0.0,7.348885771743345,46567.106542079266,569.7608850113018
Default,PRT,PRT_PT11,Onshore,Alkaline,2020,Lcoh,0.0,1.8946353651205705,6.759830356770115,70776.74205993269,564.5637713487841
Default,PRT,PRT_PT11,Hybrid,Alkaline,2020,Lcoh,1.3798911132329619,1.233153515379979,6.106499573256456,82494.70469425319,413.630114227976
Default,PRT,PRT_PT15,PV,Alkaline,2020,Lcoh,1.8488531375857697,0.0,6.268446832359036,53528.13261993272,137.82558281687136
Default,PRT,PRT_PT15,Onshore,Alkaline,2020,Lcoh,0.0,1.34803562405586,3.7040164601391448,103426.80204984052,185.32359284122882
Default,PRT,PRT_PT15,Hybrid,Alkaline,2020,Lcoh,0.0,1.3632977696648212,3.704497862681681,104136.37750395494,183.24889153850896
Default,PRT,PRT_PT16,PV,Alkaline,2020,Lcoh,1.908636260437283,0.0,7.063942584419622,48357.453827241814,757.8988668130974
Default,PRT,PRT_PT16,Onshore,Alkaline,2020,Lcoh,0.0,2.1407337209763635,5.999581621025792,86951.86629717186,662.4782221424205
Default,PRT,PRT_PT16,Hybrid,Alkaline,2020,Lcoh,1.1590007262932616,1.636018638277789,5.686499448722121,97044.79158878783,511.5581323995133
Default,PRT,PRT_PT17,PV,Alkaline,2020,Lcoh,1.9337493181228638,0.0,6.612939556496096,52048.99581482651,75.61835555928778
Default,PRT,PRT_PT17,Onshore,Alkaline,2020,Lcoh,0.0,1.624850525900633,4.603365923271929,93724.49191501744,88.22949941828503
Default,PRT,PRT_PT17,Hybrid,Alkaline,2020,Lcoh,0.29000675800602793,1.571176124751647,4.595496880518592,98297.91969406215,77.26220470062303
Default,PRT,PRT_PT18,PV,Alkaline,2020,Lcoh,1.908636260437283,0.0,6.762670147472524,50514.93636983913,846.5374800247421
Default,PRT,PRT_PT18,Onshore,Alkaline,2020,Lcoh,0.0,1.9002840973059343,5.2637570393855695,91119.4958763527,833.5864675600279
Default,PRT,PRT_PT18,Hybrid,Alkaline,2020,Lcoh,0.9755981369283093,1.6692671316218008,5.106498100848122,105554.21587698087,603.278917756326
