Country,Cell,System,Electrolyser,Year,PV,Onshore,Lcoh
FRA,FRA_FR10,PV,PEM,2020,2.957434306343316,0.0,15.97542442789288
FRA,FRA_FR10,PV,Alkaline,2020,2.192546194419265,0.0,9.483995592008467
FRA,FRA_FR10,Onshore,PEM,2020,0.0,3.4448921263358,14.437601681321366
FRA,FRA_FR10,Onshore,Alkaline,2020,0.0,2.3978259314692,10.306079213961718
FRA,FRA_FR10,Hybrid,PEM,2020,9.616825311727691,5.938730243827865,10.0
FRA,FRA_FR10,Hybrid,Alkaline,2020,1.735101257842297,1.3161988446098938,8.777437416093527
FRA,FRA_FR21,PV,PEM,2020,3.030429952202399,0.0,16.028817454594016
FRA,FRA_FR21,PV,Alkaline,2020,2.222289333433867,0.0,9.556182777137797
FRA,FRA_FR21,Onshore,PEM,2020,0.0,3.079029360934085,12.848232401294554
FRA,FRA_FR21,Onshore,Alkaline,2020,0.0,2.1617004110638063,8.9356808709414
FRA,FRA_FR21,Hybrid,PEM,2020,7.86196958192217,7.693585973633384,10.0
FRA,FRA_FR21,Hybrid,Alkaline,2020,1.5720154732112035,1.4955589678858383,8.050088688981768
FRA,FRA_FR22,PV,PEM,2020,3.0304931623876,0.0,16.00144673412248
FRA,FRA_FR22,PV,Alkaline,2020,2.2223273662934457,0.0,9.545385495150207
FRA,FRA_FR22,Onshore,PEM,2020,0.0,3.085684208261075,12.209296336069292
FRA,FRA_FR22,Onshore,Alkaline,2020,0.0,2.2105227636243723,8.516582893856796
FRA,FRA_FR22,Hybrid,PEM,2020,7.2140744798732035,8.341481075682351,10.0
FRA,FRA_FR22,Hybrid,Alkaline,2020,1.479944455979798,1.4564407782741675,7.857239000613699
FRA,FRA_FR23,PV,PEM,2020,2.9838312663633815,0.0,15.750136145853144
FRA,FRA_FR23,PV,Alkaline,2020,2.17412347800087,0.0,9.34302017404477
FRA,FRA_FR23,Onshore,PEM,2020,0.0,2.8286433099566466,11.293449895206312
FRA,FRA_FR23,Onshore,Alkaline,2020,0.0,2.0169539592656993,7.736261614997979
FRA,FRA_FR23,Hybrid,PEM,2020,7.148594479762649,8.407258091753224,10.0
FRA,FRA_FR23,Hybrid,Alkaline,2020,1.316872427983539,1.494775941567998,7.293545493662633
FRA,FRA_FR24,PV,PEM,2020,2.9554522988814824,0.0,15.48624453935527
FRA,FRA_FR24,PV,Alkaline,2020,2.188048628822085,0.0,9.194997508922679
FRA,FRA_FR24,Onshore,PEM,2020,0.0,3.2257102971036997,12.613171628265231
FRA,FRA_FR24,Onshore,Alkaline,2020,0.0,2.261125333607197,8.861257152475325
FRA,FRA_FR24,Hybrid,PEM,2020,7.043808626948734,8.51174692860682,10.0
FRA,FRA_FR24,Hybrid,Alkaline,2020,1.5712230439108243,1.4528549108304905,7.968690758328247
FRA,FRA_FR25,PV,PEM,2020,2.9583976222223964,0.0,15.384225566128793
FRA,FRA_FR25,PV,Alkaline,2020,2.169323419335218,0.0,9.136164691171494
FRA,FRA_FR25,Onshore,PEM,2020,0.0,2.711685758465867,11.000540333497437
FRA,FRA_FR25,Onshore,Alkaline,2020,0.0,1.9982894155305329,7.486955726431768
FRA,FRA_FR25,Hybrid,PEM,2020,1.4462764713968903,2.1655536355743217,10.228684955921796
FRA,FRA_FR25,Hybrid,Alkaline,2020,1.2899189547213255,1.5289586643819395,7.088543220751363
FRA,FRA_FR26,PV,PEM,2020,2.9327254348764695,0.0,15.49506889512557
FRA,FRA_FR26,PV,Alkaline,2020,2.15433264752221,0.0,9.169846557306517
FRA,FRA_FR26,Onshore,PEM,2020,0.0,2.9884368181228638,12.152314390661344
FRA,FRA_FR26,Onshore,Alkaline,2020,0.0,2.166837982187718,8.425892524552314
FRA,FRA_FR26,Hybrid,PEM,2020,7.4416040670427215,8.113951488512834,10.0
FRA,FRA_FR26,Hybrid,Alkaline,2020,1.4806869958805924,1.4755447019898902,7.661933263927578
FRA,FRA_FR30,PV,PEM,2020,2.9940082704274666,0.0,15.807627131465802
FRA,FRA_FR30,PV,Alkaline,2020,2.2224365187185176,0.0,9.396142379579741
FRA,FRA_FR30,Onshore,PEM,2020,0.0,2.9869539490590826,11.59716302088344
FRA,FRA_FR30,Onshore,Alkaline,2020,0.0,2.0977080980082974,8.02606050591193
FRA,FRA_FR30,Hybrid,PEM,2020,1.4960302341763911,2.2776895519328098,10.814599590633621
FRA,FRA_FR30,Hybrid,Alkaline,2020,1.3716868971530605,1.483819004844745,7.530147517310986
FRA,FRA_FR41,PV,PEM,2020,2.8985400906214935,0.0,15.838259394265542
FRA,FRA_FR41,PV,Alkaline,2020,2.173623942908307,0.0,9.379914081882964
FRA,FRA_FR41,Onshore,PEM,2020,0.0,3.562661024971619,15.339907701583455
FRA,FRA_FR41,Onshore,Alkaline,2020,0.0,2.422034372626838,10.989251416410246
FRA,FRA_FR41,Hybrid,PEM,2020,9.102191759263611,5.795224598260491,10.0
FRA,FRA_FR41,Hybrid,Alkaline,2020,1.8131888965318985,1.2012157291587777,8.94569594764022
FRA,FRA_FR42,PV,PEM,2020,2.865450489049781,0.0,15.304255519050097
FRA,FRA_FR42,PV,Alkaline,2020,2.190926405853588,0.0,9.046717868439025
FRA,FRA_FR42,Onshore,PEM,2020,0.0,4.436693387197609,21.364760239700033
FRA,FRA_FR42,Onshore,Alkaline,2020,0.0,2.965482703654839,15.96610492535526
FRA,FRA_FR42,Hybrid,PEM,2020,7.9672986585147,3.3333333333333335,10.0
FRA,FRA_FR42,Hybrid,Alkaline,2020,9.780659967608708,5.555555555555555,10.0
FRA,FRA_FR43,PV,PEM,2020,2.857253616921311,0.0,15.29386936270583
FRA,FRA_FR43,PV,Alkaline,2020,2.15433264752221,0.0,9.017635335762108
FRA,FRA_FR43,Onshore,PEM,2020,0.0,3.8655363781420693,18.49524074011357
FRA,FRA_FR43,Onshore,Alkaline,2020,0.0,2.585127243871348,13.416863477789942
FRA,FRA_FR43,Hybrid,PEM,2020,9.378500142063547,3.3333333333333335,10.0
FRA,FRA_FR43,Hybrid,Alkaline,2020,2.1539546402255456,0.0,9.017635995895441
FRA,FRA_FR51,PV,PEM,2020,2.9136129866647664,0.0,15.046413296616555
FRA,FRA_FR51,PV,Alkaline,2020,2.169088588402346,0.0,8.896745014827529
FRA,FRA_FR51,Onshore,PEM,2020,0.0,2.823986245670867,10.851606220540578
FRA,FRA_FR51,Onshore,Alkaline,2020,0.0,2.1008684685290255,7.454028614565825
FRA,FRA_FR51,Hybrid,PEM,2020,1.433338384376924,2.2920921430027197,10.121175826800865
FRA,FRA_FR51,Hybrid,Alkaline,2020,1.316872427983539,1.5288575894010588,7.062442243883459
FRA,FRA_FR52,PV,PEM,2020,2.9326689787649616,0.0,15.190213010462662
FRA,FRA_FR52,PV,Alkaline,2020,2.166781367228481,0.0,8.986587893089828
FRA,FRA_FR52,Onshore,PEM,2020,0.0,3.085213868599722,11.470570815732954
FRA,FRA_FR52,Onshore,Alkaline,2020,0.0,2.177932714135639,7.998609408132995
FRA,FRA_FR52,Hybrid,PEM,2020,1.5067418560474397,2.3276138305889433,10.627600849659583
FRA,FRA_FR52,Hybrid,Alkaline,2020,1.4251951001133296,1.446785914997559,7.431269929676364
FRA,FRA_FR53,PV,PEM,2020,2.8692353423684835,0.0,14.847692245876704
FRA,FRA_FR53,PV,Alkaline,2020,2.10085544282372,0.0,8.732108207773576
FRA,FRA_FR53,Onshore,PEM,2020,0.0,2.8537917787232967,11.188235521886515
FRA,FRA_FR53,Onshore,Alkaline,2020,0.0,2.111503465484358,7.695996927853736
FRA,FRA_FR53,Hybrid,PEM,2020,1.5064599229288567,2.2291486883573657,10.255112576711218
FRA,FRA_FR53,Hybrid,Alkaline,2020,1.3769183227978758,1.4887265255568827,7.150368751190724
FRA,FRA_FR61,PV,PEM,2020,2.7856608830203378,0.0,14.265632016174512
FRA,FRA_FR61,PV,Alkaline,2020,2.1053604517705953,0.0,8.358188021385123
FRA,FRA_FR61,Onshore,PEM,2020,0.0,4.495815141413999,18.189464171400267
FRA,FRA_FR61,Onshore,Alkaline,2020,0.0,3.06061600567773,13.625967074652225
FRA,FRA_FR61,Hybrid,PEM,2020,8.253383935170726,5.555555555555555,10.0
FRA,FRA_FR61,Hybrid,Alkaline,2020,2.105434103702547,0.0,8.358188411428884
FRA,FRA_FR62,PV,PEM,2020,2.746702386353803,0.0,14.125475665504226
FRA,FRA_FR62,PV,Alkaline,2020,2.0529349193159785,0.0,8.233322900651885
FRA,FRA_FR62,Onshore,PEM,2020,0.0,3.0123252999490457,12.76464399322071
FRA,FRA_FR62,Onshore,Alkaline,2020,0.0,2.128149875861146,8.859449397167108
FRA,FRA_FR62,Hybrid,PEM,2020,9.025423790763764,6.530131764791792,10.0
FRA,FRA_FR62,Hybrid,Alkaline,2020,1.553300204596387,1.107892979957675,7.7596027134190395
FRA,FRA_FR63,PV,PEM,2020,2.7752372067061515,0.0,15.01913392454859
FRA,FRA_FR63,PV,Alkaline,2020,2.0574254049716956,0.0,8.755304609784096
FRA,FRA_FR63,Onshore,PEM,2020,0.0,3.129875549457305,12.621750137059177
FRA,FRA_FR63,Onshore,Alkaline,2020,0.0,2.2951969028740447,8.852649715056126
FRA,FRA_FR63,Hybrid,PEM,2020,7.499429960054796,8.056422611461079,10.0
FRA,FRA_FR63,Hybrid,Alkaline,2020,1.5324834084735228,1.392976917435357,7.779370727916311
FRA,FRA_FR71,PV,PEM,2020,2.777792183840125,0.0,14.224541414913553
FRA,FRA_FR71,PV,Alkaline,2020,2.11184772397246,0.0,8.355725397108737
FRA,FRA_FR71,Onshore,PEM,2020,0.0,2.9859283399289804,13.126047556609594
FRA,FRA_FR71,Onshore,Alkaline,2020,0.0,2.1800819443340984,9.102986033648344
FRA,FRA_FR71,Hybrid,PEM,2020,9.42376116227862,5.839156075947262,10.0
FRA,FRA_FR71,Hybrid,Alkaline,2020,1.5950483321715394,1.0718721808346188,8.000846433743598
FRA,FRA_FR72,PV,PEM,2020,2.8002643424747475,0.0,14.604509311227112
FRA,FRA_FR72,PV,Alkaline,2020,2.0875861326233833,0.0,8.568927534198526
FRA,FRA_FR72,Onshore,PEM,2020,0.0,3.240022659301758,13.564276546887001
FRA,FRA_FR72,Onshore,Alkaline,2020,0.0,2.1459804843908614,9.489625185017097
FRA,FRA_FR72,Hybrid,PEM,2020,9.900957178245125,5.596793277590989,10.0
FRA,FRA_FR72,Hybrid,Alkaline,2020,1.6155080619575872,1.1406620262667626,8.03242705054454
FRA,FRA_FR81,PV,PEM,2020,2.5774446615078976,0.0,13.37568180493106
FRA,FRA_FR81,PV,Alkaline,2020,1.972528686275614,0.0,7.710692190210455
FRA,FRA_FR81,Onshore,PEM,2020,0.0,2.8433552706820784,12.027626817634621
FRA,FRA_FR81,Onshore,Alkaline,2020,0.0,2.016925616257781,8.225487133513704
FRA,FRA_FR81,Hybrid,PEM,2020,8.406774221823392,7.148781333732164,10.0
FRA,FRA_FR81,Hybrid,Alkaline,2020,1.4815093008097924,1.06397511671098,7.33552947079297
FRA,FRA_FR82,PV,PEM,2020,2.5253120494092025,0.0,13.242765361073214
FRA,FRA_FR82,PV,Alkaline,2020,1.972015968310643,0.0,7.626165706577449
FRA,FRA_FR82,Onshore,PEM,2020,0.0,2.42129526645045,11.07696392612304
FRA,FRA_FR82,Onshore,Alkaline,2020,0.0,1.8073837175766598,7.346525006319232
FRA,FRA_FR82,Hybrid,PEM,2020,1.495323564744834,1.7896343074372574,9.988191758375766
FRA,FRA_FR82,Hybrid,Alkaline,2020,1.316872427983539,1.2837601886741457,6.731129059396242
FRA,FRA_FR83,PV,PEM,2020,2.6166734470426434,0.0,13.177552255074675
FRA,FRA_FR83,PV,Alkaline,2020,1.9868642583219298,0.0,7.613308539833226
FRA,FRA_FR83,Onshore,PEM,2020,0.0,2.7419872607593234,18.093794150057203
FRA,FRA_FR83,Onshore,Alkaline,2020,0.0,1.8887439829366959,12.23011211041425
FRA,FRA_FR83,Hybrid,PEM,2020,9.610112592854085,3.3333333333333335,10.0
FRA,FRA_FR83,Hybrid,Alkaline,2020,1.9861972762106548,0.0,7.613313445324569
DEU,DEU_DE11,PV,PEM,2020,2.9154429892974845,0.0,15.533940213722307
DEU,DEU_DE11,PV,Alkaline,2020,2.1787938632823565,0.0,9.198044970349914
DEU,DEU_DE11,Onshore,PEM,2020,0.0,4.016094571124928,21.426375974586335
DEU,DEU_DE11,Onshore,Alkaline,2020,0.0,2.6491523444292397,15.728528031576657
DEU,DEU_DE11,Hybrid,PEM,2020,8.358112591700563,3.3333333333333335,10.0
DEU,DEU_DE11,Hybrid,Alkaline,2020,2.178539826344941,0.0,9.198044682332762
DEU,DEU_DE12,PV,PEM,2020,2.932452806331308,0.0,15.640865809647435
DEU,DEU_DE12,PV,Alkaline,2020,2.1832587014033322,0.0,9.257896133348973
DEU,DEU_DE12,Onshore,PEM,2020,0.0,3.8799377835107536,21.004784700406905
DEU,DEU_DE12,Onshore,Alkaline,2020,0.0,2.5787086993477843,15.267625451022354
DEU,DEU_DE12,Hybrid,PEM,2020,8.550653499558685,3.3333333333333335,10.0
DEU,DEU_DE12,Hybrid,Alkaline,2020,2.1822602848107673,0.0,9.257898624705447
DEU,DEU_DE13,PV,PEM,2020,2.8653581665185976,0.0,15.330759072604359
DEU,DEU_DE13,PV,Alkaline,2020,2.1412806462955474,0.0,9.040439190435784
DEU,DEU_DE13,Onshore,PEM,2020,0.0,4.703340045525692,27.966060803222287
DEU,DEU_DE13,Onshore,Alkaline,2020,0.0,2.8710325110455543,21.011201528974293
DEU,DEU_DE13,Hybrid,PEM,2020,7.845660167200917,0.0,10.0
DEU,DEU_DE13,Hybrid,Alkaline,2020,8.334947109925821,4.998386223407513,10.0
DEU,DEU_DE14,PV,PEM,2020,2.8819840024442627,0.0,15.199846659298645
DEU,DEU_DE14,PV,Alkaline,2020,2.17728171015124,0.0,8.997925649189519
DEU,DEU_DE14,Onshore,PEM,2020,0.0,3.694612830877304,22.158024291482267
DEU,DEU_DE14,Onshore,Alkaline,2020,0.0,2.54662143683033,16.00090694444731
DEU,DEU_DE14,Hybrid,PEM,2020,8.215555936962334,3.3333333333333335,10.0
DEU,DEU_DE14,Hybrid,Alkaline,2020,2.1773264552355673,0.0,8.997925566455315
DEU,DEU_DE21,PV,PEM,2020,2.994160052451982,0.0,15.345868993656504
DEU,DEU_DE21,PV,Alkaline,2020,2.221939972912713,0.0,9.133101190239925
DEU,DEU_DE21,Onshore,PEM,2020,0.0,3.7665176256353234,20.44382199675288
DEU,DEU_DE21,Onshore,Alkaline,2020,0.0,2.540275906551071,14.80593293514494
DEU,DEU_DE21,Hybrid,PEM,2020,9.005011954552053,3.3333333333333335,10.0
DEU,DEU_DE21,Hybrid,Alkaline,2020,2.2199488783361687,0.0,9.133108113527493
DEU,DEU_DE22,PV,PEM,2020,2.976096309406185,0.0,15.49495690317861
DEU,DEU_DE22,PV,Alkaline,2020,2.188086677630139,0.0,9.202190101337568
DEU,DEU_DE22,Onshore,PEM,2020,0.0,3.7301392146939323,20.37076743195794
DEU,DEU_DE22,Onshore,Alkaline,2020,0.0,2.5321458680051894,14.685659188891716
DEU,DEU_DE22,Hybrid,PEM,2020,8.906157122200343,3.3333333333333335,10.0
DEU,DEU_DE22,Hybrid,Alkaline,2020,2.1870531478266764,0.0,9.202191872498263
DEU,DEU_DE23,PV,PEM,2020,2.923803162222045,0.0,15.605595459058867
DEU,DEU_DE23,PV,Alkaline,2020,2.178731924107079,0.0,9.246559721395633
DEU,DEU_DE23,Onshore,PEM,2020,0.0,3.546297401189804,18.970154019299255
DEU,DEU_DE23,Onshore,Alkaline,2020,0.0,2.46804439485024,13.586437424508041
DEU,DEU_DE23,Hybrid,PEM,2020,9.381356600244416,3.3333333333333335,10.0
DEU,DEU_DE23,Hybrid,Alkaline,2020,2.178317064374703,0.0,9.246559403896077
DEU,DEU_DE24,PV,PEM,2020,2.9071721201997915,0.0,15.796548751405279
DEU,DEU_DE24,PV,Alkaline,2020,2.1363307724787717,0.0,9.333789765088671
DEU,DEU_DE24,Onshore,PEM,2020,0.0,3.6333961993477843,17.779880192174456
DEU,DEU_DE24,Onshore,Alkaline,2020,0.0,2.5484023806884233,12.812322167937975
DEU,DEU_DE24,Hybrid,PEM,2020,9.521556456723177,3.3333333333333335,10.0
DEU,DEU_DE24,Hybrid,Alkaline,2020,2.1359285414561544,0.0,9.333791203248389
DEU,DEU_DE25,PV,PEM,2020,2.940928213847475,0.0,15.673256853309356
DEU,DEU_DE25,PV,Alkaline,2020,2.193134894113873,0.0,9.28907065096104
DEU,DEU_DE25,Onshore,PEM,2020,0.0,3.5703727047530265,18.121486035375177
DEU,DEU_DE25,Onshore,Alkaline,2020,0.0,2.4652129411697388,12.999381592854146
DEU,DEU_DE25,Hybrid,PEM,2020,7.732365589237564,5.600967744095768,10.0
DEU,DEU_DE25,Hybrid,Alkaline,2020,2.1921279439611676,0.0,9.289080226945943
DEU,DEU_DE26,PV,PEM,2020,2.894987845356809,0.0,15.753295685552171
DEU,DEU_DE26,PV,Alkaline,2020,2.172255974644761,0.0,9.31122913322902
DEU,DEU_DE26,Onshore,PEM,2020,0.0,3.431763127757264,17.777951684863517
DEU,DEU_DE26,Onshore,Alkaline,2020,0.0,2.3077441560129754,12.629184743231647
DEU,DEU_DE26,Hybrid,PEM,2020,7.922508967898008,5.410824365435325,10.0
DEU,DEU_DE26,Hybrid,Alkaline,2020,2.1219577692445677,0.23721368025014286,9.304507300171538
DEU,DEU_DE27,PV,PEM,2020,2.9393255273744856,0.0,15.139285174926254
DEU,DEU_DE27,PV,Alkaline,2020,2.1740568599787995,0.0,8.978131225464544
DEU,DEU_DE27,Onshore,PEM,2020,0.0,3.693017238132832,21.754019379199754
DEU,DEU_DE27,Onshore,Alkaline,2020,0.0,2.4586253819484227,15.723128406301381
DEU,DEU_DE27,Hybrid,PEM,2020,8.40922118161595,3.3333333333333335,10.0
DEU,DEU_DE27,Hybrid,Alkaline,2020,2.174077843169592,0.0,8.97813121119032
DEU,DEU_DE30,PV,PEM,2020,3.030429952202399,0.0,16.516459866675273
DEU,DEU_DE30,PV,Alkaline,2020,2.236868096803022,0.0,9.858549586763408
DEU,DEU_DE30,Onshore,PEM,2020,0.0,3.9527386041098085,20.058557336699383
DEU,DEU_DE30,Onshore,Alkaline,2020,0.0,2.7419872607593234,14.706127926934478
DEU,DEU_DE30,Hybrid,PEM,2020,8.217240574362263,3.3333333333333335,10.0
DEU,DEU_DE30,Hybrid,Alkaline,2020,2.237130829701679,0.0,9.858548508174033
DEU,DEU_DE40,PV,PEM,2020,3.0486860899907313,0.0,16.268979684232633
DEU,DEU_DE40,PV,Alkaline,2020,2.2727753770772425,0.0,9.751203179766229
DEU,DEU_DE40,Onshore,PEM,2020,0.0,3.4782488126868305,15.883668100666721
DEU,DEU_DE40,Onshore,Alkaline,2020,0.0,2.4121316263748978,11.354205318518412
DEU,DEU_DE40,Hybrid,PEM,2020,7.1398029233591025,6.934271150714972,10.0
DEU,DEU_DE40,Hybrid,Alkaline,2020,1.8848990801491936,1.1602706631997222,9.30166084752109
DEU,DEU_DE50,PV,PEM,2020,3.086319463106875,0.0,17.09719832334479
DEU,DEU_DE50,PV,Alkaline,2020,2.188238151383268,0.0,10.189243448295432
DEU,DEU_DE50,Onshore,PEM,2020,0.0,3.00295367637747,13.47007540702158
DEU,DEU_DE50,Onshore,Alkaline,2020,0.0,2.1739274955199406,9.36345684292375
DEU,DEU_DE50,Hybrid,PEM,2020,9.66593467505001,5.694528668952428,10.0
DEU,DEU_DE50,Hybrid,Alkaline,2020,1.5475340541423972,1.4130822729542971,8.54868775139694
DEU,DEU_DE60,PV,PEM,2020,3.105554012192729,0.0,17.119822885217914
DEU,DEU_DE60,PV,Alkaline,2020,2.232152971208542,0.0,10.247844731032453
DEU,DEU_DE60,Onshore,PEM,2020,0.0,3.49296259313028,16.125890554948857
DEU,DEU_DE60,Onshore,Alkaline,2020,0.0,2.5073514455974877,11.554379875090508
DEU,DEU_DE60,Hybrid,PEM,2020,6.921325601373513,6.412304747920138,10.0
DEU,DEU_DE60,Hybrid,Alkaline,2020,1.810217780654801,1.1762093202399462,9.64507392052195
DEU,DEU_DE71,PV,PEM,2020,2.8986169144395815,0.0,15.778233419321193
DEU,DEU_DE71,PV,Alkaline,2020,2.1553244197333408,0.0,9.336611925507396
DEU,DEU_DE71,Onshore,PEM,2020,0.0,4.323515183758322,23.710718696224262
DEU,DEU_DE71,Onshore,Alkaline,2020,0.0,2.793304398859398,17.58975212657301
DEU,DEU_DE71,Hybrid,PEM,2020,0.0,5.555555555555555,10.0
DEU,DEU_DE71,Hybrid,Alkaline,2020,2.7893587519767,9.02888716620313,10.0
DEU,DEU_DE72,PV,PEM,2020,2.906950099502141,0.0,16.104398041820197
DEU,DEU_DE72,PV,Alkaline,2020,2.188219063793365,0.0,9.546468898287026
DEU,DEU_DE72,Onshore,PEM,2020,0.0,4.006699186200242,21.359292987867352
DEU,DEU_DE72,Onshore,Alkaline,2020,0.0,2.660439643028628,15.674673178401294
DEU,DEU_DE72,Hybrid,PEM,2020,7.699153464412119,3.3333333333333335,10.0
DEU,DEU_DE72,Hybrid,Alkaline,2020,9.323514373529935,5.555555555555555,10.0
DEU,DEU_DE73,PV,PEM,2020,2.9762623537426505,0.0,16.195939239616315
DEU,DEU_DE73,PV,Alkaline,2020,2.2075750582699527,0.0,9.624373685189301
DEU,DEU_DE73,Onshore,PEM,2020,0.0,4.112147528544684,21.09835288091953
DEU,DEU_DE73,Onshore,Alkaline,2020,0.0,2.720305426333738,15.487823213694938
DEU,DEU_DE73,Hybrid,PEM,2020,7.701810364994648,3.3333333333333335,10.0
DEU,DEU_DE73,Hybrid,Alkaline,2020,9.21263918989946,5.684480151664325,10.0
DEU,DEU_DE80,PV,PEM,2020,2.99269677350555,0.0,16.617199079792925
DEU,DEU_DE80,PV,Alkaline,2020,2.221939972912713,0.0,9.930073695559715
DEU,DEU_DE80,Onshore,PEM,2020,0.0,2.878490201231536,12.437432608093603
DEU,DEU_DE80,Onshore,Alkaline,2020,0.0,2.05200702271555,8.536344480636433
DEU,DEU_DE80,Hybrid,PEM,2020,8.399745472547611,7.155810083007944,10.0
DEU,DEU_DE80,Hybrid,Alkaline,2020,1.4302606144990613,1.521842898711534,7.979342026495751
DEU,DEU_DE91,PV,PEM,2020,2.9884368181228638,0.0,16.299973250615412
DEU,DEU_DE91,PV,Alkaline,2020,2.2272239212389637,0.0,9.708460504529837
DEU,DEU_DE91,Onshore,PEM,2020,0.0,3.56641369360577,17.400367316716746
DEU,DEU_DE91,Onshore,Alkaline,2020,0.0,2.4951187050045167,12.470778851947209
DEU,DEU_DE91,Hybrid,PEM,2020,9.471686980267243,3.3333333333333335,10.0
DEU,DEU_DE91,Hybrid,Alkaline,2020,2.015944249932595,0.7740333660700769,9.61713447112112
DEU,DEU_DE92,PV,PEM,2020,3.030429952202399,0.0,16.572393558630424
DEU,DEU_DE92,PV,Alkaline,2020,2.2470310583230457,0.0,9.909960670407944
DEU,DEU_DE92,Onshore,PEM,2020,0.0,3.429588917979345,15.744216152247306
DEU,DEU_DE92,Onshore,Alkaline,2020,0.0,2.413853012248529,11.21920211487571
DEU,DEU_DE92,Hybrid,PEM,2020,5.6654207628798865,7.668209586413764,10.0
DEU,DEU_DE92,Hybrid,Alkaline,2020,1.8326800250752844,1.1696835166608859,9.319145234253158
DEU,DEU_DE93,PV,PEM,2020,3.105544022068086,0.0,16.84563680607904
DEU,DEU_DE93,PV,Alkaline,2020,2.2624866619772566,0.0,10.092882565952797
DEU,DEU_DE93,Onshore,PEM,2020,0.0,3.340092275375174,14.806097012395009
DEU,DEU_DE93,Onshore,Alkaline,2020,0.0,2.388491963805362,10.506299943898645
DEU,DEU_DE93,Hybrid,PEM,2020,8.679221461296791,5.888679773271111,10.0
DEU,DEU_DE93,Hybrid,Alkaline,2020,1.73406750307416,1.2489033607280988,9.110183639532277
DEU,DEU_DE94,PV,PEM,2020,3.0960208252023085,0.0,16.764566809083867
DEU,DEU_DE94,PV,Alkaline,2020,2.2934592662133673,0.0,10.048643690750767
DEU,DEU_DE94,Onshore,PEM,2020,0.0,2.57869335326927,11.77710681890851
DEU,DEU_DE94,Onshore,Alkaline,2020,0.0,1.9402956468593497,7.929700619868938
DEU,DEU_DE94,Hybrid,PEM,2020,8.589780336707827,6.965775218847727,10.0
DEU,DEU_DE94,Hybrid,Alkaline,2020,1.2994140386754092,1.5853260629138242,7.604226843779044
DEU,DEU_DEA1,PV,PEM,2020,3.034631498157978,0.0,16.482379339435738
DEU,DEU_DEA1,PV,Alkaline,2020,2.207565172876097,0.0,9.818383437359113
DEU,DEU_DEA1,Onshore,PEM,2020,0.0,3.3978987009235664,15.729902067384106
DEU,DEU_DEA1,Onshore,Alkaline,2020,0.0,2.323695905506611,11.173294130038709
DEU,DEU_DEA1,Hybrid,PEM,2020,5.664789603964211,7.668543729369121,10.0
DEU,DEU_DEA1,Hybrid,Alkaline,2020,1.8251603583064977,1.1842977841749271,9.200137362684773
DEU,DEU_DEA2,PV,PEM,2020,3.0114891405510846,0.0,16.28746107305495
DEU,DEU_DEA2,PV,Alkaline,2020,2.197881444868623,0.0,9.69617775375894
DEU,DEU_DEA2,Onshore,PEM,2020,0.0,3.304751235780034,15.508658036767015
DEU,DEU_DEA2,Onshore,Alkaline,2020,0.0,2.2505546271440835,10.92463924691088
DEU,DEU_DEA2,Hybrid,PEM,2020,7.337813766760257,6.736260307313818,10.0
DEU,DEU_DEA2,Hybrid,Alkaline,2020,1.814701821579767,1.2269440115846806,8.988382044540282
DEU,DEU_DEA3,PV,PEM,2020,3.0769305609223663,0.0,16.670636769689388
DEU,DEU_DEA3,PV,Alkaline,2020,2.257299967517485,0.0,9.967188493966505
DEU,DEU_DEA3,Onshore,PEM,2020,0.0,3.5027024140578042,16.231285492109016
DEU,DEU_DEA3,Onshore,Alkaline,2020,0.0,2.436811814183848,11.635629062587409
DEU,DEU_DEA3,Hybrid,PEM,2020,6.163533833038412,7.169799500294921,10.0
DEU,DEU_DEA3,Hybrid,Alkaline,2020,1.8752257576134546,1.1217802164304223,9.50859054408073
DEU,DEU_DEA4,PV,PEM,2020,3.0395593899038786,0.0,16.641090894130627
DEU,DEU_DEA4,PV,Alkaline,2020,2.2470310583230457,0.0,9.934240680423349
DEU,DEU_DEA4,Onshore,PEM,2020,0.0,3.8911124497639062,18.56830623436066
DEU,DEU_DEA4,Onshore,Alkaline,2020,0.0,2.672365184029287,13.550540392862374
DEU,DEU_DEA4,Hybrid,PEM,2020,8.755905872813562,3.3333333333333335,10.0
DEU,DEU_DEA4,Hybrid,Alkaline,2020,2.2467216492517514,0.0,9.934240935781753
DEU,DEU_DEA5,PV,PEM,2020,3.000739502858778,0.0,16.586568753584032
DEU,DEU_DEA5,PV,Alkaline,2020,2.2076840056709894,0.0,9.874915557398811
DEU,DEU_DEA5,Onshore,PEM,2020,0.0,4.118751168898055,19.92188783903072
DEU,DEU_DEA5,Onshore,Alkaline,2020,0.0,2.798292007185533,14.666560295109294
DEU,DEU_DEA5,Hybrid,PEM,2020,8.189856841285462,3.3333333333333335,10.0
DEU,DEU_DEA5,Hybrid,Alkaline,2020,2.2074570947785475,0.0,9.874915813943785
DEU,DEU_DEB1,PV,PEM,2020,2.9155675448614393,0.0,15.968497968113246
DEU,DEU_DEB1,PV,Alkaline,2020,2.1740972691068254,0.0,9.464960925822089
DEU,DEU_DEB1,Onshore,PEM,2020,0.0,3.834298259719462,20.38731222118617
DEU,DEU_DEB1,Onshore,Alkaline,2020,0.0,2.3928318559054356,14.753804660166463
DEU,DEU_DEB1,Hybrid,PEM,2020,8.22202975277771,3.3333333333333335,10.0
DEU,DEU_DEB1,Hybrid,Alkaline,2020,2.174168258642131,0.0,9.464961798031029
DEU,DEU_DEB2,PV,PEM,2020,2.9063869177934976,0.0,16.209026138909245
DEU,DEU_DEB2,PV,Alkaline,2020,2.159220405669667,0.0,9.587752064773271
DEU,DEU_DEB2,Onshore,PEM,2020,0.0,3.7398013771613448,19.723764237368506
DEU,DEU_DEB2,Onshore,Alkaline,2020,0.0,2.3458962960719902,14.16775291397534
DEU,DEU_DEB2,Hybrid,PEM,2020,8.287001522758413,3.3333333333333335,10.0
DEU,DEU_DEB2,Hybrid,Alkaline,2020,2.15733783764854,0.0,9.587757951808818
DEU,DEU_DEB3,PV,PEM,2020,2.9156255487556297,0.0,15.726748190623516
DEU,DEU_DEB3,PV,Alkaline,2020,2.1784519191351137,0.0,9.328113851669285
DEU,DEU_DEB3,Onshore,PEM,2020,0.0,3.7791047210939337,20.440935349781704
DEU,DEU_DEB3,Onshore,Alkaline,2020,0.0,2.406761526487744,14.733655647029083
DEU,DEU_DEB3,Hybrid,PEM,2020,8.463945849979522,3.3333333333333335,10.0
DEU,DEU_DEB3,Hybrid,Alkaline,2020,2.178317064374703,0.0,9.328113118308886
DEU,DEU_DEC0,PV,PEM,2020,2.8952264203290667,0.0,16.105245185644797
DEU,DEU_DEC0,PV,Alkaline,2020,2.1552238794846854,0.0,9.513722699388369
DEU,DEU_DEC0,Onshore,PEM,2020,0.0,3.6584064823644913,20.569353653588657
DEU,DEU_DEC0,Onshore,Alkaline,2020,0.0,2.308129954909385,14.678983054060101
DEU,DEU_DEC0,Hybrid,PEM,2020,8.169851337079354,3.3333333333333335,10.0
DEU,DEU_DEC0,Hybrid,Alkaline,2020,2.155082372699877,0.0,9.513722784014226
DEU,DEU_DED2,PV,PEM,2020,3.021182103129559,0.0,16.014401432070187
DEU,DEU_DED2,PV,Alkaline,2020,2.2422256265571505,0.0,9.558349516101648
DEU,DEU_DED2,Onshore,PEM,2020,0.0,3.3648321918245214,16.386859239993303
DEU,DEU_DED2,Onshore,Alkaline,2020,0.0,2.3235639856457935,11.611823487765912
DEU,DEU_DED2,Hybrid,PEM,2020,6.418501119453387,6.915129229840264,10.0
DEU,DEU_DED2,Hybrid,Alkaline,2020,1.9139758803391498,1.1119125572800221,9.263243206721622
DEU,DEU_DED4,PV,PEM,2020,3.014833778142929,0.0,15.916016813741813
DEU,DEU_DED4,PV,Alkaline,2020,2.241327613592148,0.0,9.489521661073063
DEU,DEU_DED4,Onshore,PEM,2020,0.0,3.58094341121614,18.15861424223253
DEU,DEU_DED4,Onshore,Alkaline,2020,0.0,2.5083038693770696,13.023014395632496
DEU,DEU_DED4,Hybrid,PEM,2020,9.484243772323016,3.3333333333333335,10.0
DEU,DEU_DED4,Hybrid,Alkaline,2020,2.24164685311726,0.0,9.489520596350088
DEU,DEU_DED5,PV,PEM,2020,3.008887755757428,0.0,15.964401622750428
DEU,DEU_DED5,PV,Alkaline,2020,2.2223230144600237,0.0,9.524868612810648
DEU,DEU_DED5,Onshore,PEM,2020,0.0,3.199874286212328,16.39042209347266
DEU,DEU_DED5,Onshore,Alkaline,2020,0.0,2.2382430344124393,11.501639136482265
DEU,DEU_DED5,Hybrid,PEM,2020,6.413691868349824,6.919641464983508,10.0
DEU,DEU_DED5,Hybrid,Alkaline,2020,1.907310805207652,1.1157029914298584,9.135775775951318
DEU,DEU_DEE0,PV,PEM,2020,3.012103330204816,0.0,15.970164221243742
DEU,DEU_DEE0,PV,Alkaline,2020,2.2777707922955543,0.0,9.547007478324684
DEU,DEU_DEE0,Onshore,PEM,2020,0.0,3.4795334396716715,16.765681081223843
DEU,DEU_DEE0,Onshore,Alkaline,2020,0.0,2.4112246274307836,11.960235711243287
DEU,DEU_DEE0,Hybrid,PEM,2020,6.130982305055365,7.202351028277968,10.0
DEU,DEU_DEE0,Hybrid,Alkaline,2020,1.9841901546926188,0.999182380696165,9.373687399274642
DEU,DEU_DEF0,PV,PEM,2020,3.1121129049716956,0.0,16.885109493650045
DEU,DEU_DEF0,PV,Alkaline,2020,2.2936201180881266,0.0,10.134463563967248
DEU,DEU_DEF0,Onshore,PEM,2020,0.0,2.335847369025788,10.161388731490291
DEU,DEU_DEF0,Onshore,Alkaline,2020,0.0,1.7548095679208011,6.682535385436725
DEU,DEU_DEF0,Hybrid,PEM,2020,7.687655375648238,7.867900179907316,10.0
DEU,DEU_DEF0,Hybrid,Alkaline,2020,0.45183196286761174,1.6569939461394927,6.655306413490288
DEU,DEU_DEG0,PV,PEM,2020,2.9884368181228638,0.0,15.895256228600795
DEU,DEU_DEG0,PV,Alkaline,2020,2.2267868830825717,0.0,9.464358621598606
DEU,DEU_DEG0,Onshore,PEM,2020,0.0,3.561196125053199,17.834944672927104
DEU,DEU_DEG0,Onshore,Alkaline,2020,0.0,2.385598156125282,12.743519386420227
DEU,DEU_DEG0,Hybrid,PEM,2020,9.33227576425001,3.3333333333333335,10.0
DEU,DEU_DEG0,Hybrid,Alkaline,2020,2.1714672697529913,0.2056283605589068,9.459736254426387
ITA,ITA_ITC1,PV,PEM,2020,2.631474111312674,0.0,13.595489584870379
ITA,ITA_ITC1,PV,Alkaline,2020,2.031121642233622,0.0,7.891779316202567
ITA,ITA_ITC1,Onshore,PEM,2020,0.0,5.291029265086915,25.90725211043715
ITA,ITA_ITC1,Onshore,Alkaline,2020,0.0,3.6735824065247145,20.023923035993416
ITA,ITA_ITC1,Hybrid,PEM,2020,0.0,5.555555555555555,10.0
ITA,ITA_ITC1,Hybrid,Alkaline,2020,2.031118803321731,0.0,7.891779317729809
ITA,ITA_ITC2,PV,PEM,2020,2.525264250648723,0.0,13.163429688936732
ITA,ITA_ITC2,PV,Alkaline,2020,1.9493872233815897,0.0,7.55761582722712
ITA,ITA_ITC2,Onshore,PEM,2020,0.0,2.514905671592399,14.234289823338438
ITA,ITA_ITC2,Onshore,Alkaline,2020,0.0,1.6314496148129494,9.355397159535801
ITA,ITA_ITC2,Hybrid,PEM,2020,6.953424258875682,6.379909074457651,10.0
ITA,ITA_ITC2,Hybrid,Alkaline,2020,1.6371737117909633,0.7308497217814403,7.355664689384583
ITA,ITA_ITC3,PV,PEM,2020,2.6041893220258445,0.0,13.521240264580369
ITA,ITA_ITC3,PV,Alkaline,2020,1.9983843802765477,0.0,7.814017421865988
ITA,ITA_ITC3,Onshore,PEM,2020,0.0,5.59903394237666,27.294369466590652
ITA,ITA_ITC3,Onshore,Alkaline,2020,0.0,3.937018745397371,21.366062748269975
ITA,ITA_ITC3,Hybrid,PEM,2020,8.780445420646817,0.0,10.0
ITA,ITA_ITC3,Hybrid,Alkaline,2020,7.256641039765599,6.076989309528052,10.0
ITA,ITA_ITC4,PV,PEM,2020,2.7323645087487094,0.0,14.111352848581745
ITA,ITA_ITC4,PV,Alkaline,2020,2.1097152342627457,0.0,8.260420215115227
ITA,ITA_ITC4,Onshore,PEM,2020,0.0,3.912293871667326,17.0472790553538
ITA,ITA_ITC4,Onshore,Alkaline,2020,0.0,2.789016100830395,12.501495635336271
ITA,ITA_ITC4,Hybrid,PEM,2020,7.591606609368352,5.74172672396498,10.0
ITA,ITA_ITC4,Hybrid,Alkaline,2020,2.10963621150893,0.0,8.26042064732569
ITA,ITA_ITF1,PV,PEM,2020,2.688157977445384,0.0,13.561047070760607
ITA,ITA_ITF1,PV,Alkaline,2020,2.0365929319602185,0.0,7.871112771984488
ITA,ITA_ITF1,Onshore,PEM,2020,0.0,2.916511169031186,20.6117680639083
ITA,ITA_ITF1,Onshore,Alkaline,2020,0.0,1.8808981047333935,14.010191640863173
ITA,ITA_ITF1,Hybrid,PEM,2020,0.0,5.555555555555555,10.0
ITA,ITA_ITF1,Hybrid,Alkaline,2020,2.0369532525812932,0.0,7.871114235232669
ITA,ITA_ITF2,PV,PEM,2020,2.6233225773992697,0.0,13.366427043485693
ITA,ITA_ITF2,PV,Alkaline,2020,2.0119759219287,0.0,7.731281463538734
ITA,ITA_ITF2,Onshore,PEM,2020,0.0,3.090333177494813,15.990440121338995
ITA,ITA_ITF2,Onshore,Alkaline,2020,0.0,2.2120597021967243,11.15601425455248
ITA,ITA_ITF2,Hybrid,PEM,2020,6.4200001218781155,6.913333211455217,10.0
ITA,ITA_ITF2,Hybrid,Alkaline,2020,2.011888431641518,0.0,7.731281835003339
ITA,ITA_ITF3,PV,PEM,2020,2.6293546244141908,0.0,13.351339725367222
ITA,ITA_ITF3,PV,Alkaline,2020,2.0243851117452194,0.0,7.714991519781656
ITA,ITA_ITF3,Onshore,PEM,2020,0.0,3.2790225583789834,15.86463638405213
ITA,ITA_ITF3,Onshore,Alkaline,2020,0.0,2.313778773088309,11.19820636719659
ITA,ITA_ITF3,Hybrid,PEM,2020,6.404403248920403,6.928930084412929,10.0
ITA,ITA_ITF3,Hybrid,Alkaline,2020,2.011888431641518,0.0,7.715145556150329
ITA,ITA_ITF4,PV,PEM,2020,2.666643311056305,0.0,13.241750315854423
ITA,ITA_ITF4,PV,Alkaline,2020,2.0535859233003775,0.0,7.693703803469263
ITA,ITA_ITF4,Onshore,PEM,2020,0.0,3.3338693112796136,13.688492953522275
ITA,ITA_ITF4,Onshore,Alkaline,2020,0.0,2.4195804864351,9.730624915645928
ITA,ITA_ITF4,Hybrid,PEM,2020,8.713333120721787,6.842222434833767,10.0
ITA,ITA_ITF4,Hybrid,Alkaline,2020,2.033759460843931,0.07043237505485977,7.6930600422555555
ITA,ITA_ITF5,PV,PEM,2020,2.6089228190977565,0.0,13.426870157713694
ITA,ITA_ITF5,PV,Alkaline,2020,2.0325550257442675,0.0,7.772246767359841
ITA,ITA_ITF5,Onshore,PEM,2020,0.0,3.200108667479526,14.890679524411361
ITA,ITA_ITF5,Onshore,Alkaline,2020,0.0,2.201269064579494,10.410772854068103
ITA,ITA_ITF5,Hybrid,PEM,2020,8.186070258007646,6.382127992520572,10.0
ITA,ITA_ITF5,Hybrid,Alkaline,2020,2.011888431641518,0.0,7.772723106180748
ITA,ITA_ITF6,PV,PEM,2020,2.5550805403291577,0.0,13.07293588365348
ITA,ITA_ITF6,PV,Alkaline,2020,1.9882509921498634,0.0,7.533272448814736
ITA,ITA_ITF6,Onshore,PEM,2020,0.0,3.5199004411697388,15.128642277452773
ITA,ITA_ITF6,Onshore,Alkaline,2020,0.0,2.457284911322404,10.824303756457606
ITA,ITA_ITF6,Hybrid,PEM,2020,9.403990449379489,5.712607630181553,10.0
ITA,ITA_ITF6,Hybrid,Alkaline,2020,1.9861972762106548,0.0,7.533284744298714
ITA,ITA_ITG1,PV,PEM,2020,2.4140413605467548,0.0,12.772130101159828
ITA,ITA_ITG1,PV,Alkaline,2020,1.9082533493662897,0.0,7.275498373489981
ITA,ITA_ITG1,Onshore,PEM,2020,0.0,3.299374726758708,15.261289329029738
ITA,ITA_ITG1,Onshore,Alkaline,2020,0.0,2.1687324058237234,10.692688219212416
ITA,ITA_ITG1,Hybrid,PEM,2020,8.219505960227961,5.8545681138461125,10.0
ITA,ITA_ITG1,Hybrid,Alkaline,2020,1.9080533451084463,0.0,7.275499767443535
ITA,ITA_ITG2,PV,PEM,2020,2.5445642829903106,0.0,13.025393090629596
ITA,ITA_ITG2,PV,Alkaline,2020,1.9839704506418498,0.0,7.518198967476935
ITA,ITA_ITG2,Onshore,PEM,2020,0.0,3.006905748295594,14.179769433306122
ITA,ITA_ITG2,Onshore,Alkaline,2020,0.0,2.131629081879501,9.829247546258978
ITA,ITA_ITG2,Hybrid,PEM,2020,8.995139509499946,5.555555555555555,10.0
ITA,ITA_ITG2,Hybrid,Alkaline,2020,1.9828140787876605,0.0,7.51820101858827
ITA,ITA_ITH1,PV,PEM,2020,2.6955069077732383,0.0,13.934745273203506
ITA,ITA_ITH1,PV,Alkaline,2020,2.0367491146655565,0.0,8.101496012338746
ITA,ITA_ITH1,Onshore,PEM,2020,0.0,3.6657073926633554,21.205717842370955
ITA,ITA_ITH1,Onshore,Alkaline,2020,0.0,2.3316389067482843,15.12425138132608
ITA,ITA_ITH1,Hybrid,PEM,2020,4.574705750816255,5.425591265144062,10.0
ITA,ITA_ITH1,Hybrid,Alkaline,2020,2.036962534330053,0.0,8.101496293753069
ITA,ITA_ITH2,PV,PEM,2020,2.7550409178147373,0.0,14.171998923171357
ITA,ITA_ITH2,PV,Alkaline,2020,2.074676486178172,0.0,8.27531725126997
ITA,ITA_ITH2,Onshore,PEM,2020,0.0,3.0135113172416057,15.447674308921773
ITA,ITA_ITH2,Onshore,Alkaline,2020,0.0,2.1102483566901746,10.700953038685595
ITA,ITA_ITH2,Hybrid,PEM,2020,9.223765898667796,3.3333333333333335,10.0
ITA,ITA_ITH2,Hybrid,Alkaline,2020,2.070897804271782,0.0,8.275378477994563
ITA,ITA_ITH3,PV,PEM,2020,2.854387052357197,0.0,14.377485744892695
ITA,ITA_ITH3,PV,Alkaline,2020,2.148581869184518,0.0,8.464548439960877
ITA,ITA_ITH3,Onshore,PEM,2020,0.0,4.833182424062582,22.330379480053217
ITA,ITA_ITH3,Onshore,Alkaline,2020,0.0,3.301897489552239,16.972332507939946
ITA,ITA_ITH3,Hybrid,PEM,2020,7.696772695855197,3.3333333333333335,10.0
ITA,ITA_ITH3,Hybrid,Alkaline,2020,9.24762644669675,5.555555555555555,10.0
ITA,ITA_ITH4,PV,PEM,2020,2.84090009071597,0.0,14.536162513223278
ITA,ITA_ITH4,PV,Alkaline,2020,2.1363307724787717,0.0,8.538994585432102
ITA,ITA_ITH4,Onshore,PEM,2020,0.0,4.197248108292229,21.662442828414243
ITA,ITA_ITH4,Onshore,Alkaline,2020,0.0,2.789016100830395,15.974177226948552
ITA,ITA_ITH4,Hybrid,PEM,2020,0.0,5.555555555555555,10.0
ITA,ITA_ITH4,Hybrid,Alkaline,2020,2.1358521845698712,0.0,8.538995498952046
ITA,ITA_ITH5,PV,PEM,2020,2.7854874896266635,0.0,14.106609567759866
ITA,ITA_ITH5,PV,Alkaline,2020,2.1185849578870504,0.0,8.277719590622457
ITA,ITA_ITH5,Onshore,PEM,2020,0.0,5.039269924163818,23.166448954710667
ITA,ITA_ITH5,Onshore,Alkaline,2020,0.0,3.6311414194666347,17.845168307526794
ITA,ITA_ITH5,Hybrid,PEM,2020,7.726536218554479,3.3333333333333335,10.0
ITA,ITA_ITH5,Hybrid,Alkaline,2020,9.500985581621414,5.555555555555555,10.0
ITA,ITA_ITI1,PV,PEM,2020,2.6731603219195805,0.0,13.846928010496553
ITA,ITA_ITI1,PV,Alkaline,2020,2.03194473664099,0.0,8.037854682007767
ITA,ITA_ITI1,Onshore,PEM,2020,0.0,4.20319413067773,18.518987932492728
ITA,ITA_ITI1,Onshore,Alkaline,2020,0.0,2.8523807597392374,13.700940663776136
ITA,ITA_ITI1,Hybrid,PEM,2020,9.187799357892471,3.3333333333333335,10.0
ITA,ITA_ITI1,Hybrid,Alkaline,2020,2.031118803321731,0.0,8.037856826589964
ITA,ITA_ITI2,PV,PEM,2020,2.716836913275529,0.0,13.806768701942131
ITA,ITA_ITI2,PV,Alkaline,2020,2.0737602005793576,0.0,8.04656534865817
ITA,ITA_ITI2,Onshore,PEM,2020,0.0,4.415209375165364,21.98039582402786
ITA,ITA_ITI2,Onshore,Alkaline,2020,0.0,2.773293007880154,16.239291155193342
ITA,ITA_ITI2,Hybrid,PEM,2020,7.614930499433382,3.3333333333333335,10.0
ITA,ITA_ITI2,Hybrid,Alkaline,2020,2.073875722836813,0.0,8.046564907834425
ITA,ITA_ITI3,PV,PEM,2020,2.77004207076772,0.0,13.930054438086907
ITA,ITA_ITI3,PV,Alkaline,2020,2.0922704431819805,0.0,8.142973430871946
ITA,ITA_ITI3,Onshore,PEM,2020,0.0,3.9305995430878227,18.634698356534578
ITA,ITA_ITI3,Onshore,Alkaline,2020,0.0,2.6428915951955547,13.605765030933787
ITA,ITA_ITI3,Hybrid,PEM,2020,9.248628875562822,3.3333333333333335,10.0
ITA,ITA_ITI3,Hybrid,Alkaline,2020,2.091922778054577,0.0,8.142973418601843
ITA,ITA_ITI4,PV,PEM,2020,2.6374168526834207,0.0,13.420600482036772
ITA,ITA_ITI4,PV,Alkaline,2020,2.0328061568085687,0.0,7.7741586851997315
ITA,ITA_ITI4,Onshore,PEM,2020,0.0,4.246542777073046,20.045578321104994
ITA,ITA_ITI4,Onshore,Alkaline,2020,0.0,2.7443398750815295,14.817394644786757
ITA,ITA_ITI4,Hybrid,PEM,2020,8.440338679415586,3.3333333333333335,10.0
ITA,ITA_ITI4,Hybrid,Alkaline,2020,2.0326140350360262,0.0,7.774158800205772
AUT,AUT_AT11,PV,PEM,2020,2.857253616921311,0.0,14.766868374277482
AUT,AUT_AT11,PV,Alkaline,2020,2.146038488285052,0.0,8.691174103212589
AUT,AUT_AT11,Onshore,PEM,2020,0.0,2.705972576077329,12.499427468016465
AUT,AUT_AT11,Onshore,Alkaline,2020,0.0,1.9928580794679107,8.485843086891828
AUT,AUT_AT11,Hybrid,PEM,2020,8.829405429335322,6.72644714218055,10.0
AUT,AUT_AT11,Hybrid,Alkaline,2020,1.542452740842517,1.3707308770307878,7.624533530701608
AUT,AUT_AT12,PV,PEM,2020,2.93824321590364,0.0,15.104810074340213
AUT,AUT_AT12,PV,Alkaline,2020,2.1977363895422286,0.0,8.959359334885217
AUT,AUT_AT12,Onshore,PEM,2020,0.0,2.912107750470712,12.9392263383943
AUT,AUT_AT12,Onshore,Alkaline,2020,0.0,2.190926405853588,8.954861537133576
AUT,AUT_AT12,Hybrid,PEM,2020,9.006825358937377,6.548730196618178,10.0
AUT,AUT_AT12,Hybrid,Alkaline,2020,1.5876299851172437,1.4482924962330121,7.99808436118791
AUT,AUT_AT13,PV,PEM,2020,2.8904296007395875,0.0,15.070555637020439
AUT,AUT_AT13,PV,Alkaline,2020,2.1787826252781595,0.0,8.904760239479737
AUT,AUT_AT13,Onshore,PEM,2020,0.0,3.5499078286862296,16.755303267069703
AUT,AUT_AT13,Onshore,Alkaline,2020,0.0,2.698191354182251,12.100240461462676
AUT,AUT_AT13,Hybrid,PEM,2020,7.075433018544904,6.257900314788429,10.0
AUT,AUT_AT13,Hybrid,Alkaline,2020,2.174465274602449,0.0,8.904810598970549
AUT,AUT_AT21,PV,PEM,2020,2.7619733290725987,0.0,14.357336703568484
AUT,AUT_AT21,PV,Alkaline,2020,2.065140532711487,0.0,8.3887407610656
AUT,AUT_AT21,Onshore,PEM,2020,0.0,3.653725667216183,22.8055229689105
AUT,AUT_AT21,Onshore,Alkaline,2020,0.0,2.4735757146799084,16.343041097910532
AUT,AUT_AT21,Hybrid,PEM,2020,5.209179857571215,4.790820142428785,10.0
AUT,AUT_AT21,Hybrid,Alkaline,2020,7.210021009282754,6.123312324050579,10.0
AUT,AUT_AT22,PV,PEM,2020,2.846459022509862,0.0,14.545558134053469
AUT,AUT_AT22,PV,Alkaline,2020,2.141333496351489,0.0,8.562595716731865
AUT,AUT_AT22,Onshore,PEM,2020,0.0,4.029164943951312,21.52285489450376
AUT,AUT_AT22,Onshore,Alkaline,2020,0.0,2.896822531996021,15.864056082529633
AUT,AUT_AT22,Hybrid,PEM,2020,7.868197195867634,3.3333333333333335,10.0
AUT,AUT_AT22,Hybrid,Alkaline,2020,2.1412303778669535,0.0,8.562595882828495
AUT,AUT_AT31,PV,PEM,2020,2.9410708642948884,0.0,15.336524831462272
AUT,AUT_AT31,PV,Alkaline,2020,2.169235719853413,0.0,9.102375196755316
AUT,AUT_AT31,Onshore,PEM,2020,0.0,3.717441521904256,17.193543964878263
AUT,AUT_AT31,Onshore,Alkaline,2020,0.0,2.545976897294402,12.440170137466946
AUT,AUT_AT31,Hybrid,PEM,2020,5.917609242907335,7.415724090425997,10.0
AUT,AUT_AT31,Hybrid,Alkaline,2020,2.1693904784679576,0.0,9.1023755471443
AUT,AUT_AT32,PV,PEM,2020,2.9325434323709807,0.0,14.919525759439722
AUT,AUT_AT32,PV,Alkaline,2020,2.141301650436918,0.0,8.819115944373008
AUT,AUT_AT32,Onshore,PEM,2020,0.0,3.7892784955794654,25.116593624752912
AUT,AUT_AT32,Onshore,Alkaline,2020,0.0,2.531404495239258,18.233205188875793
AUT,AUT_AT32,Hybrid,PEM,2020,8.193124596958256,0.0,10.0
AUT,AUT_AT32,Hybrid,Alkaline,2020,8.63554282062165,4.6980875286720005,10.0
AUT,AUT_AT33,PV,PEM,2020,2.846459022509862,0.0,14.38060844458212
AUT,AUT_AT33,PV,Alkaline,2020,2.1085030863806153,0.0,8.45775896303032
AUT,AUT_AT33,Onshore,PEM,2020,0.0,3.900212274793582,23.608626034118107
AUT,AUT_AT33,Onshore,Alkaline,2020,0.0,2.726423513711893,17.285494856207688
AUT,AUT_AT33,Hybrid,PEM,2020,5.711540652011513,4.2887563639488056,10.0
AUT,AUT_AT33,Hybrid,Alkaline,2020,7.902905116866752,5.430428216466581,10.0
AUT,AUT_AT34,PV,PEM,2020,2.8320808541482645,0.0,14.52810057155068
AUT,AUT_AT34,PV,Alkaline,2020,2.1185662272893713,0.0,8.548603110171596
AUT,AUT_AT34,Onshore,PEM,2020,0.0,4.282483224106571,30.274873868656048
AUT,AUT_AT34,Onshore,Alkaline,2020,0.0,2.6148688414832577,22.252751738803266
AUT,AUT_AT34,Hybrid,PEM,2020,8.311173861406356,0.0,10.0
AUT,AUT_AT34,Hybrid,Alkaline,2020,8.327772785649236,4.017906226696443,10.0
CHE,CHE_CH01,PV,PEM,2020,2.664512507035397,0.0,14.039476439324643
CHE,CHE_CH01,PV,Alkaline,2020,2.04481763528392,0.0,8.170785151825351
CHE,CHE_CH01,Onshore,PEM,2020,0.0,3.06061600567773,20.13460714114779
CHE,CHE_CH01,Onshore,Alkaline,2020,0.0,2.1453852107569613,13.950154299090832
CHE,CHE_CH01,Hybrid,PEM,2020,0.0,5.555555555555555,10.0
CHE,CHE_CH01,Hybrid,Alkaline,2020,2.044017243496897,0.0,8.170786862793827
CHE,CHE_CH02,PV,PEM,2020,2.8240186258790345,0.0,14.605384565188624
CHE,CHE_CH02,PV,Alkaline,2020,2.146038488285052,0.0,8.60402284324311
CHE,CHE_CH02,Onshore,PEM,2020,0.0,4.076361824114514,23.84548547459143
CHE,CHE_CH02,Onshore,Alkaline,2020,0.0,2.5595400571182836,17.383737024445757
CHE,CHE_CH02,Hybrid,PEM,2020,0.0,5.555555555555555,10.0
CHE,CHE_CH02,Hybrid,Alkaline,2020,1.4814814814814816,8.975765889346137,10.0
CHE,CHE_CH03,PV,PEM,2020,2.8820692250688555,0.0,15.130724879446818
CHE,CHE_CH03,PV,Alkaline,2020,2.141521844649715,0.0,8.93022554020573
CHE,CHE_CH03,Onshore,PEM,2020,0.0,5.200117677695756,39.387388287414225
CHE,CHE_CH03,Onshore,Alkaline,2020,0.0,2.9709979052468682,29.90174016485233
CHE,CHE_CH03,Hybrid,PEM,2020,0.0,2.2222222222222223,10.0
CHE,CHE_CH03,Hybrid,Alkaline,2020,4.571255260714751,5.428744739285248,10.0
CHE,CHE_CH04,PV,PEM,2020,2.8803715598769486,0.0,15.160877770625962
CHE,CHE_CH04,PV,Alkaline,2020,2.1596833962738113,0.0,8.953415540428459
CHE,CHE_CH04,Onshore,PEM,2020,0.0,4.865898005082272,35.32921849118506
CHE,CHE_CH04,Onshore,Alkaline,2020,0.0,2.9665275328976746,26.657791484466532
CHE,CHE_CH04,Hybrid,PEM,2020,7.991791781741794,0.0,10.0
CHE,CHE_CH04,Hybrid,Alkaline,2020,0.0,5.555555555555555,10.0
CHE,CHE_CH05,PV,PEM,2020,2.8807956931609624,0.0,14.608574441703468
CHE,CHE_CH05,PV,Alkaline,2020,2.172255974644761,0.0,8.635073102193804
CHE,CHE_CH05,Onshore,PEM,2020,0.0,3.9216258887964717,23.85320531737614
CHE,CHE_CH05,Onshore,Alkaline,2020,0.0,2.5862815032323194,17.321294896778387
CHE,CHE_CH05,Hybrid,PEM,2020,8.349896286179147,0.0,10.0
CHE,CHE_CH05,Hybrid,Alkaline,2020,9.955720184808499,3.3779101644851517,10.0
CHE,CHE_CH06,PV,PEM,2020,2.8169417496212783,0.0,14.627473621839957
CHE,CHE_CH06,PV,Alkaline,2020,2.1143130285554532,0.0,8.607734753348222
CHE,CHE_CH06,Onshore,PEM,2020,0.0,4.338496808695663,29.740632623043815
CHE,CHE_CH06,Onshore,Alkaline,2020,0.0,2.70033808962867,21.97072268419505
CHE,CHE_CH06,Hybrid,PEM,2020,8.270481133927502,0.0,10.0
CHE,CHE_CH06,Hybrid,Alkaline,2020,8.585965673930612,3.759713338415065,10.0
CHE,CHE_CH07,PV,PEM,2020,2.6735933624998798,0.0,14.072362252736339
CHE,CHE_CH07,PV,Alkaline,2020,2.044579060311662,0.0,8.183915138573205
CHE,CHE_CH07,Onshore,PEM,2020,0.0,2.9468913930778227,23.013932298800047
CHE,CHE_CH07,Onshore,Alkaline,2020,0.0,1.979943998157978,15.7524870581547
CHE,CHE_CH07,Hybrid,PEM,2020,5.927926103906738,4.072073896093263,10.0
CHE,CHE_CH07,Hybrid,Alkaline,2020,8.552432044700451,4.780901288632881,10.0
BEL,BEL_BE10,PV,PEM,2020,2.993532932903511,0.0,16.23832973017705
BEL,BEL_BE10,PV,Alkaline,2020,2.1866001720337636,0.0,9.654670157271893
BEL,BEL_BE10,Onshore,PEM,2020,0.0,3.2497508428836537,13.086284815035471
BEL,BEL_BE10,Onshore,Alkaline,2020,0.0,2.243887776605511,9.203096006006945
BEL,BEL_BE10,Hybrid,PEM,2020,8.362468872758594,7.193086682796963,10.0
BEL,BEL_BE10,Hybrid,Alkaline,2020,1.5651967235011157,1.3777909522086336,8.263529478155577
BEL,BEL_BE21,PV,PEM,2020,2.9897772887488827,0.0,16.269015282877984
BEL,BEL_BE21,PV,Alkaline,2020,2.2028552276455,0.0,9.700024050572203
BEL,BEL_BE21,Onshore,PEM,2020,0.0,2.8996859371181927,11.628670070558154
BEL,BEL_BE21,Onshore,Alkaline,2020,0.0,2.0502845587250196,7.99808302550748
BEL,BEL_BE21,Hybrid,PEM,2020,7.126481583506062,8.429073972049492,10.0
BEL,BEL_BE21,Hybrid,Alkaline,2020,1.316872427983539,1.5527760033324376,7.582247307445379
BEL,BEL_BE22,PV,PEM,2020,2.9585379475364006,0.0,16.392886313503812
BEL,BEL_BE22,PV,Alkaline,2020,2.207565172876097,0.0,9.763508775211745
BEL,BEL_BE22,Onshore,PEM,2020,0.0,3.1774520874023438,12.74087823760142
BEL,BEL_BE22,Onshore,Alkaline,2020,0.0,2.187271762967033,8.900720499335259
BEL,BEL_BE22,Hybrid,PEM,2020,8.054375887427884,7.501179668127673,10.0
BEL,BEL_BE22,Hybrid,Alkaline,2020,1.5363511659807958,1.4810052708072161,8.126743432855395
BEL,BEL_BE23,PV,PEM,2020,2.958518174688753,0.0,16.14341946525677
BEL,BEL_BE23,PV,Alkaline,2020,2.2319885647607536,0.0,9.610898646413025
BEL,BEL_BE23,Onshore,PEM,2020,0.0,2.6902980263594243,10.820712756207396
BEL,BEL_BE23,Onshore,Alkaline,2020,0.0,1.9484765925606495,7.33553410265143
BEL,BEL_BE23,Hybrid,PEM,2020,1.396422032461651,2.2282947674714526,10.269092742082325
BEL,BEL_BE23,Hybrid,Alkaline,2020,1.124568344080991,1.590240476955974,7.115074047627092
BEL,BEL_BE24,PV,PEM,2020,3.0029568510907376,0.0,16.276980187612164
BEL,BEL_BE24,PV,Alkaline,2020,2.222383981252683,0.0,9.710446681814124
BEL,BEL_BE24,Onshore,PEM,2020,0.0,3.1152799561942617,12.416257510564757
BEL,BEL_BE24,Onshore,Alkaline,2020,0.0,2.1474669899872367,8.649278436508189
BEL,BEL_BE24,Hybrid,PEM,2020,7.747015213606009,7.808837357909865,10.0
BEL,BEL_BE24,Hybrid,Alkaline,2020,1.4986993170541683,1.4925482856087837,7.973312341692202
BEL,BEL_BE25,PV,PEM,2020,2.9070502798271916,0.0,15.85135678324695
BEL,BEL_BE25,PV,Alkaline,2020,2.183516672236879,0.0,9.397452662023687
BEL,BEL_BE25,Onshore,PEM,2020,0.0,2.7464009276738963,11.226672809209537
BEL,BEL_BE25,Onshore,Alkaline,2020,0.0,2.00592850567773,7.643866533841161
BEL,BEL_BE25,Hybrid,PEM,2020,1.4415707154176842,2.1905733960712035,10.492191090358679
BEL,BEL_BE25,Hybrid,Alkaline,2020,1.286294431830573,1.4862262544846765,7.2660217104555205
BEL,BEL_BE31,PV,PEM,2020,2.9672399027146215,0.0,16.29135543468192
BEL,BEL_BE31,PV,Alkaline,2020,2.207565172876097,0.0,9.702376858140216
BEL,BEL_BE31,Onshore,PEM,2020,0.0,2.9755671623696314,12.30434635415803
BEL,BEL_BE31,Onshore,Alkaline,2020,0.0,2.0597756587010507,8.49340273769974
BEL,BEL_BE31,Hybrid,PEM,2020,8.081476684658115,7.474375886857758,10.0
BEL,BEL_BE31,Hybrid,Alkaline,2020,1.4762906013126909,1.4905704392158037,7.855657940512598
BEL,BEL_BE32,PV,PEM,2020,2.976361392196281,0.0,16.19601621948695
BEL,BEL_BE32,PV,Alkaline,2020,2.2319885647607536,0.0,9.64108549739211
BEL,BEL_BE32,Onshore,PEM,2020,0.0,2.9742743264033322,12.01806227080865
BEL,BEL_BE32,Onshore,Alkaline,2020,0.0,2.1407902892678976,8.325302004544653
BEL,BEL_BE32,Hybrid,PEM,2020,7.524489956569983,8.031065598985574,10.0
BEL,BEL_BE32,Hybrid,Alkaline,2020,1.4493000010554375,1.5278692191212426,7.747410984196135
BEL,BEL_BE33,PV,PEM,2020,2.923724865246271,0.0,16.44746431851081
BEL,BEL_BE33,PV,Alkaline,2020,2.183485182201783,0.0,9.768839903504396
BEL,BEL_BE33,Onshore,PEM,2020,0.0,3.2091998414691645,13.212264077813515
BEL,BEL_BE33,Onshore,Alkaline,2020,0.0,2.2629983687926627,9.2832004018073
BEL,BEL_BE33,Hybrid,PEM,2020,8.763618229627015,6.79193732592854,10.0
BEL,BEL_BE33,Hybrid,Alkaline,2020,1.577869936241529,1.4694708364113327,8.348011443695384
BEL,BEL_BE34,PV,PEM,2020,2.9585379475364006,0.0,16.52183514577022
BEL,BEL_BE34,PV,Alkaline,2020,2.197491740696087,0.0,9.819038018362178
BEL,BEL_BE34,Onshore,PEM,2020,0.0,3.636505223757881,16.535599507798775
BEL,BEL_BE34,Onshore,Alkaline,2020,0.0,2.533787554129958,11.91478758369176
BEL,BEL_BE34,Hybrid,PEM,2020,5.998137658891652,7.33519567444168,10.0
BEL,BEL_BE34,Hybrid,Alkaline,2020,1.8941178145366826,1.1217802164304223,9.56990498735322
BEL,BEL_BE35,PV,PEM,2020,2.9761293976872563,0.0,16.42121835578634
BEL,BEL_BE35,PV,Alkaline,2020,2.2010153095171248,0.0,9.756952518727525
BEL,BEL_BE35,Onshore,PEM,2020,0.0,2.981707173805236,12.414205630895093
BEL,BEL_BE35,Onshore,Alkaline,2020,0.0,2.1139602738094383,8.593305457967654
BEL,BEL_BE35,Hybrid,PEM,2020,8.101766088915895,7.453789466639662,10.0
BEL,BEL_BE35,Hybrid,Alkaline,2020,1.4785460662613537,1.530594572600877,7.935297990748216
NLD,NLD_NL11,PV,PEM,2020,3.034631498157978,0.0,16.554645336817728
NLD,NLD_NL11,PV,Alkaline,2020,2.212480031380832,0.0,9.853926078078565
NLD,NLD_NL11,Onshore,PEM,2020,0.0,2.347596068116493,10.496454048790133
NLD,NLD_NL11,Onshore,Alkaline,2020,0.0,1.7606442010314283,6.9135083996045745
NLD,NLD_NL11,Hybrid,PEM,2020,7.4159129116118585,8.139642643943697,10.0
NLD,NLD_NL11,Hybrid,Alkaline,2020,0.8516716775342715,1.594825570201301,6.8195392533058845
NLD,NLD_NL12,PV,PEM,2020,2.9490821432119674,0.0,16.28130096420298
NLD,NLD_NL12,PV,Alkaline,2020,2.1552409645541712,0.0,9.640352320299298
NLD,NLD_NL12,Onshore,PEM,2020,0.0,2.761724781661222,12.148093928814026
NLD,NLD_NL12,Onshore,Alkaline,2020,0.0,2.0915109445584945,8.30961897080349
NLD,NLD_NL12,Hybrid,PEM,2020,8.707843546439587,6.847712009115968,10.0
NLD,NLD_NL12,Hybrid,Alkaline,2020,1.404528343821738,1.5178018573451795,7.7330104794973575
NLD,NLD_NL13,PV,PEM,2020,3.076979508388983,0.0,16.64319012562985
NLD,NLD_NL13,PV,Alkaline,2020,2.2715141068293576,0.0,9.952435780772047
NLD,NLD_NL13,Onshore,PEM,2020,0.0,3.4670434767602396,14.149568545417688
NLD,NLD_NL13,Onshore,Alkaline,2020,0.0,2.581467594839647,10.17360593601689
NLD,NLD_NL13,Hybrid,PEM,2020,9.94131628849267,5.555555555555555,10.0
NLD,NLD_NL13,Hybrid,Alkaline,2020,1.7326044674258763,1.3148842262996907,8.979022899069632
NLD,NLD_NL21,PV,PEM,2020,3.0213554694305156,0.0,16.521810808254543
NLD,NLD_NL21,PV,Alkaline,2020,2.2811638187414474,0.0,9.887522373773656
NLD,NLD_NL21,Onshore,PEM,2020,0.0,3.655085729208575,14.683318061483424
NLD,NLD_NL21,Onshore,Alkaline,2020,0.0,2.7100753942048126,10.669137347041199
NLD,NLD_NL21,Hybrid,PEM,2020,9.461646160757592,5.801568093428606,10.0
NLD,NLD_NL21,Hybrid,Alkaline,2020,1.784559511302766,1.2890484650301157,9.194086590434317
NLD,NLD_NL22,PV,PEM,2020,3.0304751890371406,0.0,16.510512689439228
NLD,NLD_NL22,PV,Alkaline,2020,2.267581829252495,0.0,9.87024172562779
NLD,NLD_NL22,Onshore,PEM,2020,0.0,3.674762199593725,14.769150485014634
NLD,NLD_NL22,Onshore,Alkaline,2020,0.0,2.625831055593153,10.717687354751762
NLD,NLD_NL22,Hybrid,PEM,2020,9.632314825942485,5.555555555555555,10.0
NLD,NLD_NL22,Hybrid,Alkaline,2020,1.7937934010456522,1.2855947843274755,9.178596095155282
NLD,NLD_NL23,PV,PEM,2020,3.003016459143545,0.0,16.43838351215122
NLD,NLD_NL23,PV,Alkaline,2020,2.2173089377192494,0.0,9.793678827717272
NLD,NLD_NL23,Onshore,PEM,2020,0.0,3.1134110622698445,12.618976863293472
NLD,NLD_NL23,Onshore,Alkaline,2020,0.0,2.3496804130263627,8.870342657155579
NLD,NLD_NL23,Hybrid,PEM,2020,8.121748098695456,7.433807456860102,10.0
NLD,NLD_NL23,Hybrid,Alkaline,2020,1.4944312354115068,1.5424898678375567,8.207439215815139
NLD,NLD_NL31,PV,PEM,2020,3.028685475772477,0.0,16.46673685211385
NLD,NLD_NL31,PV,Alkaline,2020,2.237199354068177,0.0,9.83073717550051
NLD,NLD_NL31,Onshore,PEM,2020,0.0,3.524160396552425,14.401315208682291
NLD,NLD_NL31,Onshore,Alkaline,2020,0.0,2.5988388219391876,10.380537037889606
NLD,NLD_NL31,Hybrid,PEM,2020,9.66677919182036,5.555555555555555,10.0
NLD,NLD_NL31,Hybrid,Alkaline,2020,1.726260972257762,1.2890577467788755,9.003551462728215
NLD,NLD_NL32,PV,PEM,2020,3.0028920339076564,0.0,16.293533092552398
NLD,NLD_NL32,PV,Alkaline,2020,2.2124144914030186,0.0,9.704058196161265
NLD,NLD_NL32,Onshore,PEM,2020,0.0,2.400500988293146,10.711439972841765
NLD,NLD_NL32,Onshore,Alkaline,2020,0.0,1.810360585438786,7.099389140415057
NLD,NLD_NL32,Hybrid,PEM,2020,7.575358692535092,7.980493878980781,10.0
NLD,NLD_NL32,Hybrid,Alkaline,2020,1.0575523278532644,1.5744867388185346,6.925705837272371
NLD,NLD_NL33,PV,PEM,2020,2.9499561869714865,0.0,16.11982845122312
NLD,NLD_NL33,PV,Alkaline,2020,2.1821096863780465,0.0,9.566328565043191
NLD,NLD_NL33,Onshore,PEM,2020,0.0,2.692704167105272,11.62127119926716
NLD,NLD_NL33,Onshore,Alkaline,2020,0.0,1.9478388577073218,7.874480907689708
NLD,NLD_NL33,Hybrid,PEM,2020,8.024422161392685,7.531133394162872,10.0
NLD,NLD_NL33,Hybrid,Alkaline,2020,1.316872427983539,1.4938199214457253,7.440112837825257
NLD,NLD_NL34,PV,PEM,2020,2.9238778844205626,0.0,15.92072261557923
NLD,NLD_NL34,PV,Alkaline,2020,2.1693834098081224,0.0,9.42143491269615
NLD,NLD_NL34,Onshore,PEM,2020,0.0,2.8202635351488805,11.679752754669035
NLD,NLD_NL34,Onshore,Alkaline,2020,0.0,2.0238378408941404,7.9936459115751
NLD,NLD_NL34,Hybrid,PEM,2020,7.5932142210426035,7.962341334512951,10.0
NLD,NLD_NL34,Hybrid,Alkaline,2020,1.316872427983539,1.481129994306178,7.495562749021135
NLD,NLD_NL41,PV,PEM,2020,3.0030801908241838,0.0,16.366760893086038
NLD,NLD_NL41,PV,Alkaline,2020,2.2272333383079967,0.0,9.765476339263039
NLD,NLD_NL41,Onshore,PEM,2020,0.0,3.3003224999630256,13.61139689192171
NLD,NLD_NL41,Onshore,Alkaline,2020,0.0,2.367564108914274,9.639337339067596
NLD,NLD_NL41,Hybrid,PEM,2020,9.269416644126805,6.286435927389069,10.0
NLD,NLD_NL41,Hybrid,Alkaline,2020,1.6163959554942355,1.406289691612051,8.574109193175165
NLD,NLD_NL42,PV,PEM,2020,3.0030801908241838,0.0,16.372962659811055
NLD,NLD_NL42,PV,Alkaline,2020,2.2075971949327124,0.0,9.75437160229478
NLD,NLD_NL42,Onshore,PEM,2020,0.0,4.004946879780853,16.545429101860982
NLD,NLD_NL42,Onshore,Alkaline,2020,0.0,2.7040383673759747,12.128367622092465
NLD,NLD_NL42,Hybrid,PEM,2020,7.671918714478244,6.40215535959583,10.0
NLD,NLD_NL42,Hybrid,Alkaline,2020,1.9562242615413146,1.0252049077008591,9.608592598767633
ESP,ESP_ES11,PV,PEM,2020,2.6882656388469233,0.0,14.517199409951594
ESP,ESP_ES11,PV,Alkaline,2020,2.0325565456536094,0.0,8.455322824074937
ESP,ESP_ES11,Onshore,PEM,2020,0.0,4.276812171384201,15.98698254252854
ESP,ESP_ES11,Onshore,Alkaline,2020,0.0,2.8413078677002,11.861990859749708
ESP,ESP_ES11,Hybrid,PEM,2020,8.928048924300922,5.555555555555555,10.0
ESP,ESP_ES11,Hybrid,Alkaline,2020,2.0227268878389135,0.0,8.45539460251267
ESP,ESP_ES12,PV,PEM,2020,2.693762431343316,0.0,14.290615727818594
ESP,ESP_ES12,PV,Alkaline,2020,2.0122707753075315,0.0,8.313323615646324
ESP,ESP_ES12,Onshore,PEM,2020,0.0,3.5719977199551067,16.476982465018946
ESP,ESP_ES12,Onshore,Alkaline,2020,0.0,2.293957284794828,11.718749150920045
ESP,ESP_ES12,Hybrid,PEM,2020,5.883349963794539,7.449983369538793,10.0
ESP,ESP_ES12,Hybrid,Alkaline,2020,2.011888431641518,0.0,8.313324097523271
ESP,ESP_ES13,PV,PEM,2020,2.5975766213636033,0.0,13.91680190604776
ESP,ESP_ES13,PV,Alkaline,2020,1.92592193709195,0.0,8.001927527693315
ESP,ESP_ES13,Onshore,PEM,2020,0.0,2.6715396729924614,14.663301868759829
ESP,ESP_ES13,Onshore,Alkaline,2020,0.0,1.8887439829366959,9.870348864697602
ESP,ESP_ES13,Hybrid,PEM,2020,5.963821800993935,7.369511532339397,10.0
ESP,ESP_ES13,Hybrid,Alkaline,2020,1.642473012772894,0.877914951989026,7.71373861575329
ESP,ESP_ES21,PV,PEM,2020,2.6109405069133897,0.0,14.089872796154454
ESP,ESP_ES21,PV,Alkaline,2020,1.980281670480407,0.0,8.119721779652567
ESP,ESP_ES21,Onshore,PEM,2020,0.0,3.0167116654024166,15.205335492534585
ESP,ESP_ES21,Onshore,Alkaline,2020,0.0,2.087474576231536,10.535130159551695
ESP,ESP_ES21,Hybrid,PEM,2020,6.7452124826829465,6.588120850650386,10.0
ESP,ESP_ES21,Hybrid,Alkaline,2020,1.788381271354667,0.5910402947222546,8.042319147460304
ESP,ESP_ES22,PV,PEM,2020,2.563642875245767,0.0,13.482442918991419
ESP,ESP_ES22,PV,Alkaline,2020,1.979943998157978,0.0,7.7622028973208685
ESP,ESP_ES22,Onshore,PEM,2020,0.0,2.8982749181341334,12.151278618435926
ESP,ESP_ES22,Onshore,Alkaline,2020,0.0,2.1404698657252963,8.384600727032788
ESP,ESP_ES22,Hybrid,PEM,2020,8.245570019432673,7.3102825520832,10.0
ESP,ESP_ES22,Hybrid,Alkaline,2020,1.5518663103760943,0.9891292157355273,7.37013830431942
ESP,ESP_ES23,PV,PEM,2020,2.4875593346726443,0.0,13.33410237226401
ESP,ESP_ES23,PV,Alkaline,2020,1.9419136670884,0.0,7.628545334797884
ESP,ESP_ES23,Onshore,PEM,2020,0.0,2.697585896729237,12.173390224002492
ESP,ESP_ES23,Onshore,Alkaline,2020,0.0,1.8906253415821084,8.228381510041013
ESP,ESP_ES23,Hybrid,PEM,2020,8.4781811261128,7.0773744294427585,10.0
ESP,ESP_ES23,Hybrid,Alkaline,2020,1.5109281660727,1.031689369428265,7.070944759655195
ESP,ESP_ES24,PV,PEM,2020,2.51246783876269,0.0,12.889890028924107
ESP,ESP_ES24,PV,Alkaline,2020,1.9493021366537537,0.0,7.38973215343611
ESP,ESP_ES24,Onshore,PEM,2020,0.0,2.5774446615078976,10.398913330347089
ESP,ESP_ES24,Onshore,Alkaline,2020,0.0,1.90628828036611,6.993559081176173
ESP,ESP_ES24,Hybrid,PEM,2020,1.5008016331482923,1.9724748474296954,9.504372627579441
ESP,ESP_ES24,Hybrid,Alkaline,2020,1.316872427983539,1.2835127312698285,6.479028138391406
ESP,ESP_ES30,PV,PEM,2020,2.4322284219283574,0.0,13.10998191666918
ESP,ESP_ES30,PV,Alkaline,2020,1.8861013063209175,0.0,7.457853103275929
ESP,ESP_ES30,Onshore,PEM,2020,0.0,3.0271807563090074,13.472518732966819
ESP,ESP_ES30,Onshore,Alkaline,2020,0.0,2.0433311296875445,9.310458508272081
ESP,ESP_ES30,Hybrid,PEM,2020,9.005971438051462,6.549584117504091,10.0
ESP,ESP_ES30,Hybrid,Alkaline,2020,1.6868617978702463,0.5852766346593506,7.335206163758888
ESP,ESP_ES41,PV,PEM,2020,2.5445542067439035,0.0,13.341928397341976
ESP,ESP_ES41,PV,Alkaline,2020,1.9556867613538031,0.0,7.668804774651287
ESP,ESP_ES41,Onshore,PEM,2020,0.0,2.6596833674409552,10.47888112089895
ESP,ESP_ES41,Onshore,Alkaline,2020,0.0,1.9332084301034702,7.099245931969343
ESP,ESP_ES41,Hybrid,PEM,2020,1.4166313816363751,2.050664135827602,9.56940688833994
ESP,ESP_ES41,Hybrid,Alkaline,2020,1.316872427983539,1.2572511879043071,6.4974176444458696
ESP,ESP_ES42,PV,PEM,2020,2.457090191194998,0.0,12.81221074751568
ESP,ESP_ES42,PV,Alkaline,2020,1.8903742105178067,0.0,7.30171464371392
ESP,ESP_ES42,Onshore,PEM,2020,0.0,2.8312446947503034,10.97827466589595
ESP,ESP_ES42,Onshore,Alkaline,2020,0.0,1.8962255575586058,7.45954106792476
ESP,ESP_ES42,Hybrid,PEM,2020,1.4552694707539915,1.8994896266314918,9.789697145776657
ESP,ESP_ES42,Hybrid,Alkaline,2020,1.4052546406622024,1.0944881043657957,6.5670968283806035
ESP,ESP_ES43,PV,PEM,2020,2.4728175341442693,0.0,13.114969566393246
ESP,ESP_ES43,PV,Alkaline,2020,1.8938918459417706,0.0,7.473072150441834
ESP,ESP_ES43,Onshore,PEM,2020,0.0,3.1938784219856124,13.864890485108553
ESP,ESP_ES43,Onshore,Alkaline,2020,0.0,2.2695044115156873,9.74674908119435
ESP,ESP_ES43,Hybrid,PEM,2020,8.327728193570955,7.228124377944919,10.0
ESP,ESP_ES43,Hybrid,Alkaline,2020,1.7996687831344924,0.3451119746696788,7.456185845865382
ESP,ESP_ES51,PV,PEM,2020,2.525278031312358,0.0,12.940688390436158
ESP,ESP_ES51,PV,Alkaline,2020,1.972015968310643,0.0,7.442987506510595
ESP,ESP_ES51,Onshore,PEM,2020,0.0,2.6116470122118263,12.1214269183509
ESP,ESP_ES51,Onshore,Alkaline,2020,0.0,1.8499150588468183,8.138090364541322
ESP,ESP_ES51,Hybrid,PEM,2020,1.6317128713306606,1.700403789715909,10.45121494332602
ESP,ESP_ES51,Hybrid,Alkaline,2020,1.4925575673575435,1.081287572273959,7.014623590103716
ESP,ESP_ES52,PV,PEM,2020,2.397032475234937,0.0,12.727477635855113
ESP,ESP_ES52,PV,Alkaline,2020,1.8865716459822708,0.0,7.23964985492964
ESP,ESP_ES52,Onshore,PEM,2020,0.0,2.3120669348054532,11.412808613344781
ESP,ESP_ES52,Onshore,Alkaline,2020,0.0,1.6639465014906514,7.457931273185103
ESP,ESP_ES52,Hybrid,PEM,2020,1.5727580131119978,1.599174069495328,9.76473035534395
ESP,ESP_ES52,Hybrid,Alkaline,2020,1.4205691635477753,1.110487808845373,6.484002372300903
ESP,ESP_ES53,PV,PEM,2020,2.4153995294748722,0.0,12.691975591929877
ESP,ESP_ES53,PV,Alkaline,2020,1.8797610043839086,0.0,7.212081122431263
ESP,ESP_ES53,Onshore,PEM,2020,0.0,2.2278935020068626,12.204061689858646
ESP,ESP_ES53,Onshore,Alkaline,2020,0.0,1.5610596907680132,7.874380006082574
ESP,ESP_ES53,Hybrid,PEM,2020,1.6324182842364152,1.4179122629652454,10.045490682569026
ESP,ESP_ES53,Hybrid,Alkaline,2020,1.433876725805,1.0686044251618263,6.614119254657282
ESP,ESP_ES61,PV,PEM,2020,2.433152165152147,0.0,12.148215344780805
ESP,ESP_ES61,PV,Alkaline,2020,1.8831522844958712,0.0,6.90432567996237
ESP,ESP_ES61,Onshore,PEM,2020,0.0,2.562862721549051,9.586519988936354
ESP,ESP_ES61,Onshore,Alkaline,2020,0.0,1.895951198762789,6.434086439931485
ESP,ESP_ES61,Hybrid,PEM,2020,1.1868109536147946,1.9286324867677003,8.9997995864505
ESP,ESP_ES61,Hybrid,Alkaline,2020,1.138978766626417,1.2834538547082368,6.036917897428047
ESP,ESP_ES62,PV,PEM,2020,2.314833771479269,0.0,12.563877246362996
ESP,ESP_ES62,PV,Alkaline,2020,1.834815430593153,0.0,7.094450935751117
ESP,ESP_ES62,Onshore,PEM,2020,0.0,2.4979958427138627,13.158102794383678
ESP,ESP_ES62,Onshore,Alkaline,2020,0.0,1.757205519346746,8.74177034312591
ESP,ESP_ES62,Hybrid,PEM,2020,7.133091348841727,6.940982725232347,10.0
ESP,ESP_ES62,Hybrid,Alkaline,2020,1.5857979999557525,0.7100014909860182,6.919318110985308
ESP,ESP_ES63,PV,PEM,2020,2.3147096114212315,0.0,12.358508083700245
ESP,ESP_ES63,PV,Alkaline,2020,1.7820998067082978,0.0,6.941935218850283
ESP,ESP_ES63,Onshore,PEM,2020,0.0,1.702269569860435,7.836288658582427
ESP,ESP_ES63,Onshore,Alkaline,2020,0.0,1.270456635091475,4.768641976018134
ESP,ESP_ES63,Hybrid,PEM,2020,0.7645508451079671,1.4631204150554535,7.699430725309699
ESP,ESP_ES63,Hybrid,Alkaline,2020,0.13301516430639782,1.2382461728238072,4.765473649258092
ESP,ESP_ES64,PV,PEM,2020,2.2875339744109624,0.0,12.208365057324434
ESP,ESP_ES64,PV,Alkaline,2020,1.8018784926415332,0.0,6.84881522828727
ESP,ESP_ES64,Onshore,PEM,2020,0.0,1.9786346028556319,10.117343221677265
ESP,ESP_ES64,Onshore,Alkaline,2020,0.0,1.4224882059647361,6.365495020160691
ESP,ESP_ES64,Hybrid,PEM,2020,1.3288382342590008,1.4131286816980966,9.174402510582627
ESP,ESP_ES64,Hybrid,Alkaline,2020,1.1226687399295106,1.083668340830881,5.926894024092309
PRT,PRT_PT11,PV,PEM,2020,2.557658698472871,0.0,14.031518506791121
PRT,PRT_PT11,PV,Alkaline,2020,1.9266352881694981,0.0,8.079449113656688
PRT,PRT_PT11,Onshore,PEM,2020,0.0,2.6445705113701576,11.927774754909915
PRT,PRT_PT11,Onshore,Alkaline,2020,0.0,1.840981676029969,8.00476123862615
PRT,PRT_PT11,Hybrid,PEM,2020,8.049818403759433,7.50603416775644,10.0
PRT,PRT_PT11,Hybrid,Alkaline,2020,1.4430650769680327,1.133338146385881,7.004015533621516
PRT,PRT_PT15,PV,PEM,2020,2.37503561640124,0.0,12.181004146176122
PRT,PRT_PT15,PV,Alkaline,2020,1.8350291390665936,0.0,6.892814315048779
PRT,PRT_PT15,Onshore,PEM,2020,0.0,1.6186559633045376,7.161045319605926
PRT,PRT_PT15,Onshore,Alkaline,2020,0.0,1.3306253608241747,4.3587754645316785
PRT,PRT_PT15,Hybrid,PEM,2020,0.7825926793420533,1.444395864691877,7.015567173430585
PRT,PRT_PT15,Hybrid,Alkaline,2020,0.05138231086172625,1.318502136850873,4.358033691140673
PRT,PRT_PT16,PV,PEM,2020,2.5316352345418296,0.0,13.52690179595693
PRT,PRT_PT16,PV,Alkaline,2020,1.919403911774411,0.0,7.766121533595277
PRT,PRT_PT16,Onshore,PEM,2020,0.0,2.8145503527603424,10.367750584823114
PRT,PRT_PT16,Onshore,Alkaline,2020,0.0,2.091315620397371,7.1163613047388665
PRT,PRT_PT16,Hybrid,PEM,2020,1.3578852993153563,2.1608008000999397,9.542531656627737
PRT,PRT_PT16,Hybrid,Alkaline,2020,1.3031986717322706,1.4170924042391182,6.571299271224239
PRT,PRT_PT17,PV,PEM,2020,2.518282259861748,0.0,12.670639914885813
PRT,PRT_PT17,PV,Alkaline,2020,1.953123260921704,0.0,7.268077434822941
PRT,PRT_PT17,Onshore,PEM,2020,0.0,2.0435207960736177,8.49066485999253
PRT,PRT_PT17,Onshore,Alkaline,2020,0.0,1.59502201048781,5.43564204012493
PRT,PRT_PT17,Hybrid,PEM,2020,1.1217802164304223,1.7253516891735643,8.162023827111687
PRT,PRT_PT17,Hybrid,Alkaline,2020,0.6247206247561494,1.4166313816363751,5.370881735557732
PRT,PRT_PT18,PV,PEM,2020,2.4809136028198964,0.0,13.003363614424156
PRT,PRT_PT18,PV,Alkaline,2020,1.9190597692048126,0.0,7.434464296053441
PRT,PRT_PT18,Onshore,PEM,2020,0.0,2.413414240998284,9.370011949717945
PRT,PRT_PT18,Onshore,Alkaline,2020,0.0,1.868707425892353,6.231770937019058
PRT,PRT_PT18,Hybrid,PEM,2020,1.2983365949923176,1.9540833319220758,8.683954895295953
PRT,PRT_PT18,Hybrid,Alkaline,2020,1.1217802164304223,1.5253398066210455,5.922090634172829
