Node_production,Source,Technology,Year,Feedstock_input,Production_volume,Production_cost,Natural_gas
ARE_GXXXXX,Natural_gas,SMR_CCS,2020,13065.59488,249684.9685,1.994888425,1
ARE_GXXXXX,Natural_gas,SMR_CCS,2025,13065.59488,249684.9685,1.898982305,1
ARE_GXXXXX,Natural_gas,SMR_CCS,2030,13065.59488,249684.9685,1.803168746,1
ARE_GXXXXX,Natural_gas,SMR_CCS,2035,13065.59488,249684.9685,1.794459499,1
ARE_GXXXXX,Natural_gas,SMR_CCS,2040,13065.59488,249684.9685,1.7857568,1
ARE_GXXXXX,Natural_gas,SMR_CCS,2045,13065.59488,249684.9685,1.777060642,1
ARE_GXXXXX,Natural_gas,SMR_CCS,2050,13065.59488,249684.9685,1.768371022,1
ARE_GXXXXX,Natural_gas,ATR_CCS,2020,11650.7301,249684.9685,1.493420162,1
ARE_GXXXXX,Natural_gas,ATR_CCS,2025,11650.7301,249684.9685,1.43442758,1
ARE_GXXXXX,Natural_gas,ATR_CCS,2030,11650.7301,249684.9685,1.375482898,1
ARE_GXXXXX,Natural_gas,ATR_CCS,2035,11650.7301,249684.9685,1.368400512,1
ARE_GXXXXX,Natural_gas,ATR_CCS,2040,11650.7301,249684.9685,1.361325205,1
ARE_GXXXXX,Natural_gas,ATR_CCS,2045,11650.7301,249684.9685,1.354256973,1
ARE_GXXXXX,Natural_gas,ATR_CCS,2050,11650.7301,249684.9685,1.347195811,1
ARE_GXXXXX,Natural_gas,GHR_CCS,2020,11151.45993,249684.9685,1.453693126,1
ARE_GXXXXX,Natural_gas,GHR_CCS,2025,10763.96748,249684.9685,1.363858619,1
ARE_GXXXXX,Natural_gas,GHR_CCS,2030,10402.5,249684.9685,1.276413291,1
ARE_GXXXXX,Natural_gas,GHR_CCS,2035,10402.5,249684.9685,1.268825065,1
ARE_GXXXXX,Natural_gas,GHR_CCS,2040,10402.5,249684.9685,1.261244424,1
ARE_GXXXXX,Natural_gas,GHR_CCS,2045,10402.5,249684.9685,1.253671363,1
ARE_GXXXXX,Natural_gas,GHR_CCS,2050,10402.5,249684.9685,1.246105877,1
ARE_GXXXXX,Natural_gas,Pyrolysis,2020,17599.01599,257569.757,1.695796228,1
ARE_GXXXXX,Natural_gas,Pyrolysis,2025,17599.01599,257569.757,1.664857323,1
ARE_GXXXXX,Natural_gas,Pyrolysis,2030,17599.01599,257569.757,1.633965846,1
ARE_GXXXXX,Natural_gas,Pyrolysis,2035,17599.01599,257569.757,1.633858262,1
ARE_GXXXXX,Natural_gas,Pyrolysis,2040,17599.01599,257569.757,1.633750729,1
ARE_GXXXXX,Natural_gas,Pyrolysis,2045,17599.01599,257569.757,1.633643248,1
ARE_GXXXXX,Natural_gas,Pyrolysis,2050,17599.01599,257569.757,1.633535818,1
ARG_GXXXXX,Natural_gas,SMR_CCS,2020,13065.59488,249684.9685,2.106326493,1
ARG_GXXXXX,Natural_gas,SMR_CCS,2025,13065.59488,249684.9685,2.000017072,1
ARG_GXXXXX,Natural_gas,SMR_CCS,2030,13065.59488,249684.9685,1.893714769,1
ARG_GXXXXX,Natural_gas,SMR_CCS,2035,13065.59488,249684.9685,1.883805167,1
ARG_GXXXXX,Natural_gas,SMR_CCS,2040,13065.59488,249684.9685,1.873898009,1
ARG_GXXXXX,Natural_gas,SMR_CCS,2045,13065.59488,249684.9685,1.863993293,1
ARG_GXXXXX,Natural_gas,SMR_CCS,2050,13065.59488,249684.9685,1.85409102,1
ARG_GXXXXX,Natural_gas,ATR_CCS,2020,11650.7301,249684.9685,1.551696051,1
ARG_GXXXXX,Natural_gas,ATR_CCS,2025,11650.7301,249684.9685,1.48736732,1
ARG_GXXXXX,Natural_gas,ATR_CCS,2030,11650.7301,249684.9685,1.423042121,1
ARG_GXXXXX,Natural_gas,ATR_CCS,2035,11650.7301,249684.9685,1.414573279,1
ARG_GXXXXX,Natural_gas,ATR_CCS,2040,11650.7301,249684.9685,1.406107087,1
ARG_GXXXXX,Natural_gas,ATR_CCS,2045,11650.7301,249684.9685,1.397643543,1
ARG_GXXXXX,Natural_gas,ATR_CCS,2050,11650.7301,249684.9685,1.389182646,1
ARG_GXXXXX,Natural_gas,GHR_CCS,2020,11151.45993,249684.9685,1.514154386,1
ARG_GXXXXX,Natural_gas,GHR_CCS,2025,10763.96748,249684.9685,1.419589187,1
ARG_GXXXXX,Natural_gas,GHR_CCS,2030,10402.5,249684.9685,1.327369569,1
ARG_GXXXXX,Natural_gas,GHR_CCS,2035,10402.5,249684.9685,1.318295864,1
ARG_GXXXXX,Natural_gas,GHR_CCS,2040,10402.5,249684.9685,1.309224998,1
ARG_GXXXXX,Natural_gas,GHR_CCS,2045,10402.5,249684.9685,1.30015697,1
ARG_GXXXXX,Natural_gas,GHR_CCS,2050,10402.5,249684.9685,1.291091777,1
ARG_GXXXXX,Natural_gas,Pyrolysis,2020,17599.01599,257569.757,1.751261483,1
ARG_GXXXXX,Natural_gas,Pyrolysis,2025,17599.01599,257569.757,1.714875706,1
ARG_GXXXXX,Natural_gas,Pyrolysis,2030,17599.01599,257569.757,1.678493958,1
ARG_GXXXXX,Natural_gas,Pyrolysis,2035,17599.01599,257569.757,1.678453669,1
ARG_GXXXXX,Natural_gas,Pyrolysis,2040,17599.01599,257569.757,1.678413394,1
ARG_GXXXXX,Natural_gas,Pyrolysis,2045,17599.01599,257569.757,1.678373133,1
ARG_GXXXXX,Natural_gas,Pyrolysis,2050,17599.01599,257569.757,1.678332886,1
AUS_GXXXXX,Natural_gas,SMR_CCS,2020,13065.59488,249684.9685,1.993416559,1
AUS_GXXXXX,Natural_gas,SMR_CCS,2025,13065.59488,249684.9685,1.897945988,1
AUS_GXXXXX,Natural_gas,SMR_CCS,2030,13065.59488,249684.9685,1.802465972,1
AUS_GXXXXX,Natural_gas,SMR_CCS,2035,13065.59488,249684.9685,1.793988226,1
AUS_GXXXXX,Natural_gas,SMR_CCS,2040,13065.59488,249684.9685,1.785510302,1
AUS_GXXXXX,Natural_gas,SMR_CCS,2045,13065.59488,249684.9685,1.777032202,1
AUS_GXXXXX,Natural_gas,SMR_CCS,2050,13065.59488,249684.9685,1.768553924,1
AUS_GXXXXX,Natural_gas,ATR_CCS,2020,11650.7301,249684.9685,1.492650458,1
AUS_GXXXXX,Natural_gas,ATR_CCS,2025,11650.7301,249684.9685,1.433884575,1
AUS_GXXXXX,Natural_gas,ATR_CCS,2030,11650.7301,249684.9685,1.375113767,1
AUS_GXXXXX,Natural_gas,ATR_CCS,2035,11650.7301,249684.9685,1.368156963,1
AUS_GXXXXX,Natural_gas,ATR_CCS,2040,11650.7301,249684.9685,1.361199967,1
AUS_GXXXXX,Natural_gas,ATR_CCS,2045,11650.7301,249684.9685,1.354242779,1
AUS_GXXXXX,Natural_gas,ATR_CCS,2050,11650.7301,249684.9685,1.347285398,1
AUS_GXXXXX,Natural_gas,GHR_CCS,2020,11151.45993,249684.9685,1.452894559,1
AUS_GXXXXX,Natural_gas,GHR_CCS,2025,10763.96748,249684.9685,1.363286989,1
AUS_GXXXXX,Natural_gas,GHR_CCS,2030,10402.5,249684.9685,1.276017793,1
AUS_GXXXXX,Natural_gas,GHR_CCS,2035,10402.5,249684.9685,1.26856412,1
AUS_GXXXXX,Natural_gas,GHR_CCS,2040,10402.5,249684.9685,1.261110241,1
AUS_GXXXXX,Natural_gas,GHR_CCS,2045,10402.5,249684.9685,1.253656155,1
AUS_GXXXXX,Natural_gas,GHR_CCS,2050,10402.5,249684.9685,1.246201864,1
AUS_GXXXXX,Natural_gas,Pyrolysis,2020,17599.01599,257569.757,1.695062708,1
AUS_GXXXXX,Natural_gas,Pyrolysis,2025,17599.01599,257569.757,1.664343623,1
AUS_GXXXXX,Natural_gas,Pyrolysis,2030,17599.01599,257569.757,1.633619796,1
AUS_GXXXXX,Natural_gas,Pyrolysis,2035,17599.01599,257569.757,1.63362273,1
AUS_GXXXXX,Natural_gas,Pyrolysis,2040,17599.01599,257569.757,1.633625663,1
AUS_GXXXXX,Natural_gas,Pyrolysis,2045,17599.01599,257569.757,1.633628595,1
AUS_GXXXXX,Natural_gas,Pyrolysis,2050,17599.01599,257569.757,1.633631526,1
AZE_GXXXXX,Natural_gas,SMR_CCS,2020,13065.59488,249684.9685,2.015659241,1
AZE_GXXXXX,Natural_gas,SMR_CCS,2025,13065.59488,249684.9685,1.917435707,1
AZE_GXXXXX,Natural_gas,SMR_CCS,2030,13065.59488,249684.9685,1.819303175,1
AZE_GXXXXX,Natural_gas,SMR_CCS,2035,13065.59488,249684.9685,1.809983694,1
AZE_GXXXXX,Natural_gas,SMR_CCS,2040,13065.59488,249684.9685,1.800682263,1
AZE_GXXXXX,Natural_gas,SMR_CCS,2045,13065.59488,249684.9685,1.79139886,1
AZE_GXXXXX,Natural_gas,SMR_CCS,2050,13065.59488,249684.9685,1.782133465,1
AZE_GXXXXX,Natural_gas,ATR_CCS,2020,11650.7301,249684.9685,1.504282139,1
AZE_GXXXXX,Natural_gas,ATR_CCS,2025,11650.7301,249684.9685,1.44409671,1
AZE_GXXXXX,Natural_gas,ATR_CCS,2030,11650.7301,249684.9685,1.383957494,1
AZE_GXXXXX,Natural_gas,ATR_CCS,2035,11650.7301,249684.9685,1.376423229,1
AZE_GXXXXX,Natural_gas,ATR_CCS,2040,11650.7301,249684.9685,1.368908381,1
AZE_GXXXXX,Natural_gas,ATR_CCS,2045,11650.7301,249684.9685,1.361412927,1
AZE_GXXXXX,Natural_gas,ATR_CCS,2050,11650.7301,249684.9685,1.353936845,1
AZE_GXXXXX,Natural_gas,GHR_CCS,2020,11151.45993,249684.9685,1.464962432,1
AZE_GXXXXX,Natural_gas,GHR_CCS,2025,10763.96748,249684.9685,1.374037478,1
AZE_GXXXXX,Natural_gas,GHR_CCS,2030,10402.5,249684.9685,1.285493209,1
AZE_GXXXXX,Natural_gas,GHR_CCS,2035,10402.5,249684.9685,1.277420829,1
AZE_GXXXXX,Natural_gas,GHR_CCS,2040,10402.5,249684.9685,1.269369253,1
AZE_GXXXXX,Natural_gas,GHR_CCS,2045,10402.5,249684.9685,1.261338457,1
AZE_GXXXXX,Natural_gas,GHR_CCS,2050,10402.5,249684.9685,1.253328414,1
AZE_GXXXXX,Natural_gas,Pyrolysis,2020,17599.01599,257569.757,1.7061433,1
AZE_GXXXXX,Natural_gas,Pyrolysis,2025,17599.01599,257569.757,1.67400093,1
AZE_GXXXXX,Natural_gas,Pyrolysis,2030,17599.01599,257569.757,1.641907427,1
AZE_GXXXXX,Natural_gas,Pyrolysis,2035,17599.01599,257569.757,1.641613949,1
AZE_GXXXXX,Natural_gas,Pyrolysis,2040,17599.01599,257569.757,1.6413207,1
AZE_GXXXXX,Natural_gas,Pyrolysis,2045,17599.01599,257569.757,1.64102768,1
AZE_GXXXXX,Natural_gas,Pyrolysis,2050,17599.01599,257569.757,1.640734888,1
BGD_GXXXXX,Natural_gas,SMR_CCS,2020,13065.59488,249684.9685,2.181187859,1
BGD_GXXXXX,Natural_gas,SMR_CCS,2025,13065.59488,249684.9685,2.067673126,1
BGD_GXXXXX,Natural_gas,SMR_CCS,2030,13065.59488,249684.9685,1.954153679,1
BGD_GXXXXX,Natural_gas,SMR_CCS,2035,13065.59488,249684.9685,1.943252532,1
BGD_GXXXXX,Natural_gas,SMR_CCS,2040,13065.59488,249684.9685,1.932356879,1
BGD_GXXXXX,Natural_gas,SMR_CCS,2045,13065.59488,249684.9685,1.921466716,1
BGD_GXXXXX,Natural_gas,SMR_CCS,2050,13065.59488,249684.9685,1.910582041,1
BGD_GXXXXX,Natural_gas,ATR_CCS,2020,11650.7301,249684.9685,1.590844367,1
BGD_GXXXXX,Natural_gas,ATR_CCS,2025,11650.7301,249684.9685,1.522817433,1
BGD_GXXXXX,Natural_gas,ATR_CCS,2030,11650.7301,249684.9685,1.454787609,1
BGD_GXXXXX,Natural_gas,ATR_CCS,2035,11650.7301,249684.9685,1.445294964,1
BGD_GXXXXX,Natural_gas,ATR_CCS,2040,11650.7301,249684.9685,1.43580827,1
BGD_GXXXXX,Natural_gas,ATR_CCS,2045,11650.7301,249684.9685,1.426327526,1
BGD_GXXXXX,Natural_gas,ATR_CCS,2050,11650.7301,249684.9685,1.416852726,1
BGD_GXXXXX,Natural_gas,GHR_CCS,2020,11151.45993,249684.9685,1.55477078,1
BGD_GXXXXX,Natural_gas,GHR_CCS,2025,10763.96748,249684.9685,1.456908125,1
BGD_GXXXXX,Natural_gas,GHR_CCS,2030,10402.5,249684.9685,1.36138257,1
BGD_GXXXXX,Natural_gas,GHR_CCS,2035,10402.5,249684.9685,1.351211939,1
BGD_GXXXXX,Natural_gas,GHR_CCS,2040,10402.5,249684.9685,1.341047686,1
BGD_GXXXXX,Natural_gas,GHR_CCS,2045,10402.5,249684.9685,1.330889806,1
BGD_GXXXXX,Natural_gas,GHR_CCS,2050,10402.5,249684.9685,1.320738295,1
BGD_GXXXXX,Natural_gas,Pyrolysis,2020,17599.01599,257569.757,1.788527273,1
BGD_GXXXXX,Natural_gas,Pyrolysis,2025,17599.01599,257569.757,1.748374403,1
BGD_GXXXXX,Natural_gas,Pyrolysis,2030,17599.01599,257569.757,1.708220282,1
BGD_GXXXXX,Natural_gas,Pyrolysis,2035,17599.01599,257569.757,1.708129724,1
BGD_GXXXXX,Natural_gas,Pyrolysis,2040,17599.01599,257569.757,1.708039201,1
BGD_GXXXXX,Natural_gas,Pyrolysis,2045,17599.01599,257569.757,1.707948714,1
BGD_GXXXXX,Natural_gas,Pyrolysis,2050,17599.01599,257569.757,1.707858263,1
BHR_GXXXXX,Natural_gas,SMR_CCS,2020,13065.59488,249684.9685,2.019150422,1
BHR_GXXXXX,Natural_gas,SMR_CCS,2025,13065.59488,249684.9685,1.920897534,1
BHR_GXXXXX,Natural_gas,SMR_CCS,2030,13065.59488,249684.9685,1.822635217,1
BHR_GXXXXX,Natural_gas,SMR_CCS,2035,13065.59488,249684.9685,1.813497182,1
BHR_GXXXXX,Natural_gas,SMR_CCS,2040,13065.59488,249684.9685,1.804370043,1
BHR_GXXXXX,Natural_gas,SMR_CCS,2045,13065.59488,249684.9685,1.795253791,1
BHR_GXXXXX,Natural_gas,SMR_CCS,2050,13065.59488,249684.9685,1.786148416,1
BHR_GXXXXX,Natural_gas,ATR_CCS,2020,11650.7301,249684.9685,1.506107832,1
BHR_GXXXXX,Natural_gas,ATR_CCS,2025,11650.7301,249684.9685,1.445910623,1
BHR_GXXXXX,Natural_gas,ATR_CCS,2030,11650.7301,249684.9685,1.385707646,1
BHR_GXXXXX,Natural_gas,ATR_CCS,2035,11650.7301,249684.9685,1.378238958,1
BHR_GXXXXX,Natural_gas,ATR_CCS,2040,11650.7301,249684.9685,1.370782031,1
BHR_GXXXXX,Natural_gas,ATR_CCS,2045,11650.7301,249684.9685,1.363336856,1
BHR_GXXXXX,Natural_gas,ATR_CCS,2050,11650.7301,249684.9685,1.355903423,1
BHR_GXXXXX,Natural_gas,GHR_CCS,2020,11151.45993,249684.9685,1.46685659,1
BHR_GXXXXX,Natural_gas,GHR_CCS,2025,10763.96748,249684.9685,1.375947014,1
BHR_GXXXXX,Natural_gas,GHR_CCS,2030,10402.5,249684.9685,1.287368371,1
BHR_GXXXXX,Natural_gas,GHR_CCS,2035,10402.5,249684.9685,1.279366252,1
BHR_GXXXXX,Natural_gas,GHR_CCS,2040,10402.5,249684.9685,1.271376735,1
BHR_GXXXXX,Natural_gas,GHR_CCS,2045,10402.5,249684.9685,1.263399809,1
BHR_GXXXXX,Natural_gas,GHR_CCS,2050,10402.5,249684.9685,1.255435463,1
BHR_GXXXXX,Natural_gas,Pyrolysis,2020,17599.01599,257569.757,1.707881758,1
BHR_GXXXXX,Natural_gas,Pyrolysis,2025,17599.01599,257569.757,1.675715572,1
BHR_GXXXXX,Natural_gas,Pyrolysis,2030,17599.01599,257569.757,1.643546848,1
BHR_GXXXXX,Natural_gas,Pyrolysis,2035,17599.01599,257569.757,1.643368543,1
BHR_GXXXXX,Natural_gas,Pyrolysis,2040,17599.01599,257569.757,1.643190342,1
BHR_GXXXXX,Natural_gas,Pyrolysis,2045,17599.01599,257569.757,1.643012245,1
BHR_GXXXXX,Natural_gas,Pyrolysis,2050,17599.01599,257569.757,1.642834253,1
BOL_GXXXXX,Natural_gas,SMR_CCS,2020,13065.59488,249684.9685,2.145047183,1
BOL_GXXXXX,Natural_gas,SMR_CCS,2025,13065.59488,249684.9685,2.035036578,1
BOL_GXXXXX,Natural_gas,SMR_CCS,2030,13065.59488,249684.9685,1.925053902,1
BOL_GXXXXX,Natural_gas,SMR_CCS,2035,13065.59488,249684.9685,1.914684712,1
BOL_GXXXXX,Natural_gas,SMR_CCS,2040,13065.59488,249684.9685,1.904317891,1
BOL_GXXXXX,Natural_gas,SMR_CCS,2045,13065.59488,249684.9685,1.89395344,1
BOL_GXXXXX,Natural_gas,SMR_CCS,2050,13065.59488,249684.9685,1.883591355,1
BOL_GXXXXX,Natural_gas,ATR_CCS,2020,11650.7301,249684.9685,1.571944811,1
BOL_GXXXXX,Natural_gas,ATR_CCS,2025,11650.7301,249684.9685,1.505716682,1
BOL_GXXXXX,Natural_gas,ATR_CCS,2030,11650.7301,249684.9685,1.439502975,1
BOL_GXXXXX,Natural_gas,ATR_CCS,2035,11650.7301,249684.9685,1.430531457,1
BOL_GXXXXX,Natural_gas,ATR_CCS,2040,11650.7301,249684.9685,1.421562509,1
BOL_GXXXXX,Natural_gas,ATR_CCS,2045,11650.7301,249684.9685,1.412596129,1
BOL_GXXXXX,Natural_gas,ATR_CCS,2050,11650.7301,249684.9685,1.403632316,1
BOL_GXXXXX,Natural_gas,GHR_CCS,2020,11151.45993,249684.9685,1.535162482,1
BOL_GXXXXX,Natural_gas,GHR_CCS,2025,10763.96748,249684.9685,1.438905873,1
BOL_GXXXXX,Natural_gas,GHR_CCS,2030,10402.5,249684.9685,1.345006187,1
BOL_GXXXXX,Natural_gas,GHR_CCS,2035,10402.5,249684.9685,1.335393904,1
BOL_GXXXXX,Natural_gas,GHR_CCS,2040,10402.5,249684.9685,1.325784374,1
BOL_GXXXXX,Natural_gas,GHR_CCS,2045,10402.5,249684.9685,1.316177596,1
BOL_GXXXXX,Natural_gas,GHR_CCS,2050,10402.5,249684.9685,1.306573569,1
BOL_GXXXXX,Natural_gas,Pyrolysis,2020,17599.01599,257569.757,1.770530529,1
BOL_GXXXXX,Natural_gas,Pyrolysis,2025,17599.01599,257569.757,1.732209607,1
BOL_GXXXXX,Natural_gas,Pyrolysis,2030,17599.01599,257569.757,1.693903061,1
BOL_GXXXXX,Natural_gas,Pyrolysis,2035,17599.01599,257569.757,1.693863966,1
BOL_GXXXXX,Natural_gas,Pyrolysis,2040,17599.01599,257569.757,1.693824884,1
BOL_GXXXXX,Natural_gas,Pyrolysis,2045,17599.01599,257569.757,1.693785815,1
BOL_GXXXXX,Natural_gas,Pyrolysis,2050,17599.01599,257569.757,1.69374676,1
BRA_GXXXXX,Natural_gas,SMR_CCS,2020,13065.59488,249684.9685,2.105801098,1
BRA_GXXXXX,Natural_gas,SMR_CCS,2025,13065.59488,249684.9685,1.999427713,1
BRA_GXXXXX,Natural_gas,SMR_CCS,2030,13065.59488,249684.9685,1.893085461,1
BRA_GXXXXX,Natural_gas,SMR_CCS,2035,13065.59488,249684.9685,1.883084758,1
BRA_GXXXXX,Natural_gas,SMR_CCS,2040,13065.59488,249684.9685,1.873089548,1
BRA_GXXXXX,Natural_gas,SMR_CCS,2045,13065.59488,249684.9685,1.863099829,1
BRA_GXXXXX,Natural_gas,SMR_CCS,2050,13065.59488,249684.9685,1.853115597,1
BRA_GXXXXX,Natural_gas,ATR_CCS,2020,11650.7301,249684.9685,1.551421299,1
BRA_GXXXXX,Natural_gas,ATR_CCS,2025,11650.7301,249684.9685,1.48705851,1
BRA_GXXXXX,Natural_gas,ATR_CCS,2030,11650.7301,249684.9685,1.422711578,1
BRA_GXXXXX,Natural_gas,ATR_CCS,2035,11650.7301,249684.9685,1.414200981,1
BRA_GXXXXX,Natural_gas,ATR_CCS,2040,11650.7301,249684.9685,1.405696333,1
BRA_GXXXXX,Natural_gas,ATR_CCS,2045,11650.7301,249684.9685,1.39719763,1
BRA_GXXXXX,Natural_gas,ATR_CCS,2050,11650.7301,249684.9685,1.38870487,1
BRA_GXXXXX,Natural_gas,GHR_CCS,2020,11151.45993,249684.9685,1.51386933,1
BRA_GXXXXX,Natural_gas,GHR_CCS,2025,10763.96748,249684.9685,1.419264097,1
BRA_GXXXXX,Natural_gas,GHR_CCS,2030,10402.5,249684.9685,1.327015416,1
BRA_GXXXXX,Natural_gas,GHR_CCS,2035,10402.5,249684.9685,1.317896973,1
BRA_GXXXXX,Natural_gas,GHR_CCS,2040,10402.5,249684.9685,1.308784904,1
BRA_GXXXXX,Natural_gas,GHR_CCS,2045,10402.5,249684.9685,1.299679206,1
BRA_GXXXXX,Natural_gas,GHR_CCS,2050,10402.5,249684.9685,1.290579874,1
BRA_GXXXXX,Natural_gas,Pyrolysis,2020,17599.01599,257569.757,1.751000079,1
BRA_GXXXXX,Natural_gas,Pyrolysis,2025,17599.01599,257569.757,1.714584046,1
BRA_GXXXXX,Natural_gas,Pyrolysis,2030,17599.01599,257569.757,1.678184599,1
BRA_GXXXXX,Natural_gas,Pyrolysis,2035,17599.01599,257569.757,1.678094227,1
BRA_GXXXXX,Natural_gas,Pyrolysis,2040,17599.01599,257569.757,1.678003893,1
BRA_GXXXXX,Natural_gas,Pyrolysis,2045,17599.01599,257569.757,1.677913596,1
BRA_GXXXXX,Natural_gas,Pyrolysis,2050,17599.01599,257569.757,1.677823336,1
BRN_GXXXXX,Natural_gas,SMR_CCS,2020,13065.59488,249684.9685,2.048897599,1
BRN_GXXXXX,Natural_gas,SMR_CCS,2025,13065.59488,249684.9685,1.947364141,1
BRN_GXXXXX,Natural_gas,SMR_CCS,2030,13065.59488,249684.9685,1.846067251,1
BRN_GXXXXX,Natural_gas,SMR_CCS,2035,13065.59488,249684.9685,1.836336516,1
BRN_GXXXXX,Natural_gas,SMR_CCS,2040,13065.59488,249684.9685,1.826624319,1
BRN_GXXXXX,Natural_gas,SMR_CCS,2045,13065.59488,249684.9685,1.816930639,1
BRN_GXXXXX,Natural_gas,SMR_CCS,2050,13065.59488,249684.9685,1.807255457,1
BRN_GXXXXX,Natural_gas,ATR_CCS,2020,11650.7301,249684.9685,1.521663945,1
BRN_GXXXXX,Natural_gas,ATR_CCS,2025,11650.7301,249684.9685,1.459778475,1
BRN_GXXXXX,Natural_gas,ATR_CCS,2030,11650.7301,249684.9685,1.398015303,1
BRN_GXXXXX,Natural_gas,ATR_CCS,2035,11650.7301,249684.9685,1.390042051,1
BRN_GXXXXX,Natural_gas,ATR_CCS,2040,11650.7301,249684.9685,1.382088755,1
BRN_GXXXXX,Natural_gas,ATR_CCS,2045,11650.7301,249684.9685,1.374155393,1
BRN_GXXXXX,Natural_gas,ATR_CCS,2050,11650.7301,249684.9685,1.366241942,1
BRN_GXXXXX,Natural_gas,GHR_CCS,2020,11151.45993,249684.9685,1.482996063,1
BRN_GXXXXX,Natural_gas,GHR_CCS,2025,10763.96748,249684.9685,1.390545939,1
BRN_GXXXXX,Natural_gas,GHR_CCS,2030,10402.5,249684.9685,1.300555137,1
BRN_GXXXXX,Natural_gas,GHR_CCS,2035,10402.5,249684.9685,1.292012417,1
BRN_GXXXXX,Natural_gas,GHR_CCS,2040,10402.5,249684.9685,1.283491079,1
BRN_GXXXXX,Natural_gas,GHR_CCS,2045,10402.5,249684.9685,1.274991097,1
BRN_GXXXXX,Natural_gas,GHR_CCS,2050,10402.5,249684.9685,1.266512449,1
BRN_GXXXXX,Natural_gas,Pyrolysis,2020,17599.01599,257569.757,1.722688758,1
BRN_GXXXXX,Natural_gas,Pyrolysis,2025,17599.01599,257569.757,1.688819289,1
BRN_GXXXXX,Natural_gas,Pyrolysis,2030,17599.01599,257569.757,1.655071194,1
BRN_GXXXXX,Natural_gas,Pyrolysis,2035,17599.01599,257569.757,1.654769608,1
BRN_GXXXXX,Natural_gas,Pyrolysis,2040,17599.01599,257569.757,1.654468249,1
BRN_GXXXXX,Natural_gas,Pyrolysis,2045,17599.01599,257569.757,1.654167115,1
BRN_GXXXXX,Natural_gas,Pyrolysis,2050,17599.01599,257569.757,1.653866207,1
CAN_GXXXXX,Natural_gas,SMR_CCS,2020,13065.59488,249684.9685,2.001284807,1
CAN_GXXXXX,Natural_gas,SMR_CCS,2025,13065.59488,249684.9685,1.905113128,1
CAN_GXXXXX,Natural_gas,SMR_CCS,2030,13065.59488,249684.9685,1.808924371,1
CAN_GXXXXX,Natural_gas,SMR_CCS,2035,13065.59488,249684.9685,1.800395732,1
CAN_GXXXXX,Natural_gas,SMR_CCS,2040,13065.59488,249684.9685,1.791865578,1
CAN_GXXXXX,Natural_gas,SMR_CCS,2045,13065.59488,249684.9685,1.783333911,1
CAN_GXXXXX,Natural_gas,SMR_CCS,2050,13065.59488,249684.9685,1.774800731,1
CAN_GXXXXX,Natural_gas,ATR_CCS,2020,11650.7301,249684.9685,1.496765113,1
CAN_GXXXXX,Natural_gas,ATR_CCS,2025,11650.7301,249684.9685,1.437639981,1
CAN_GXXXXX,Natural_gas,ATR_CCS,2030,11650.7301,249684.9685,1.378506036,1
CAN_GXXXXX,Natural_gas,ATR_CCS,2035,11650.7301,249684.9685,1.371468285,1
CAN_GXXXXX,Natural_gas,ATR_CCS,2040,11650.7301,249684.9685,1.364428891,1
CAN_GXXXXX,Natural_gas,ATR_CCS,2045,11650.7301,249684.9685,1.357387852,1
CAN_GXXXXX,Natural_gas,ATR_CCS,2050,11650.7301,249684.9685,1.35034517,1
CAN_GXXXXX,Natural_gas,GHR_CCS,2020,11151.45993,249684.9685,1.457163514,1
CAN_GXXXXX,Natural_gas,GHR_CCS,2025,10763.96748,249684.9685,1.367240369,1
CAN_GXXXXX,Natural_gas,GHR_CCS,2030,10402.5,249684.9685,1.279652364,1
CAN_GXXXXX,Natural_gas,GHR_CCS,2035,10402.5,249684.9685,1.272111964,1
CAN_GXXXXX,Natural_gas,GHR_CCS,2040,10402.5,249684.9685,1.264569801,1
CAN_GXXXXX,Natural_gas,GHR_CCS,2045,10402.5,249684.9685,1.257025876,1
CAN_GXXXXX,Natural_gas,GHR_CCS,2050,10402.5,249684.9685,1.249480191,1
CAN_GXXXXX,Natural_gas,Pyrolysis,2020,17599.01599,257569.757,1.698983435,1
CAN_GXXXXX,Natural_gas,Pyrolysis,2025,17599.01599,257569.757,1.667895873,1
CAN_GXXXXX,Natural_gas,Pyrolysis,2030,17599.01599,257569.757,1.636799499,1
CAN_GXXXXX,Natural_gas,Pyrolysis,2035,17599.01599,257569.757,1.636824575,1
CAN_GXXXXX,Natural_gas,Pyrolysis,2040,17599.01599,257569.757,1.636849645,1
CAN_GXXXXX,Natural_gas,Pyrolysis,2045,17599.01599,257569.757,1.636874709,1
CAN_GXXXXX,Natural_gas,Pyrolysis,2050,17599.01599,257569.757,1.636899766,1
CHN_GXXXXX,Natural_gas,SMR_CCS,2020,13065.59488,249684.9685,2.009693691,1
CHN_GXXXXX,Natural_gas,SMR_CCS,2025,13065.59488,249684.9685,1.911890035,1
CHN_GXXXXX,Natural_gas,SMR_CCS,2030,13065.59488,249684.9685,1.814201582,1
CHN_GXXXXX,Natural_gas,SMR_CCS,2035,13065.59488,249684.9685,1.804820434,1
CHN_GXXXXX,Natural_gas,SMR_CCS,2040,13065.59488,249684.9685,1.795461633,1
CHN_GXXXXX,Natural_gas,SMR_CCS,2045,13065.59488,249684.9685,1.786125151,1
CHN_GXXXXX,Natural_gas,SMR_CCS,2050,13065.59488,249684.9685,1.776810956,1
CHN_GXXXXX,Natural_gas,ATR_CCS,2020,11650.7301,249684.9685,1.50116249,1
CHN_GXXXXX,Natural_gas,ATR_CCS,2025,11650.7301,249684.9685,1.441190914,1
CHN_GXXXXX,Natural_gas,ATR_CCS,2030,11650.7301,249684.9685,1.381277886,1
CHN_GXXXXX,Natural_gas,ATR_CCS,2035,11650.7301,249684.9685,1.373754918,1
CHN_GXXXXX,Natural_gas,ATR_CCS,2040,11650.7301,249684.9685,1.366255937,1
CHN_GXXXXX,Natural_gas,ATR_CCS,2045,11650.7301,249684.9685,1.358780911,1
CHN_GXXXXX,Natural_gas,ATR_CCS,2050,11650.7301,249684.9685,1.351329807,1
CHN_GXXXXX,Natural_gas,GHR_CCS,2020,11151.45993,249684.9685,1.461725795,1
CHN_GXXXXX,Natural_gas,GHR_CCS,2025,10763.96748,249684.9685,1.370978496,1
CHN_GXXXXX,Natural_gas,GHR_CCS,2030,10402.5,249684.9685,1.282622202,1
CHN_GXXXXX,Natural_gas,GHR_CCS,2035,10402.5,249684.9685,1.274561926,1
CHN_GXXXXX,Natural_gas,GHR_CCS,2040,10402.5,249684.9685,1.26652735,1
CHN_GXXXXX,Natural_gas,GHR_CCS,2045,10402.5,249684.9685,1.258518439,1
CHN_GXXXXX,Natural_gas,GHR_CCS,2050,10402.5,249684.9685,1.250535159,1
CHN_GXXXXX,Natural_gas,Pyrolysis,2020,17599.01599,257569.757,1.703172291,1
CHN_GXXXXX,Natural_gas,Pyrolysis,2025,17599.01599,257569.757,1.671253745,1
CHN_GXXXXX,Natural_gas,Pyrolysis,2030,17599.01599,257569.757,1.639396954,1
CHN_GXXXXX,Natural_gas,Pyrolysis,2035,17599.01599,257569.757,1.639035043,1
CHN_GXXXXX,Natural_gas,Pyrolysis,2040,17599.01599,257569.757,1.638673459,1
CHN_GXXXXX,Natural_gas,Pyrolysis,2045,17599.01599,257569.757,1.638312201,1
CHN_GXXXXX,Natural_gas,Pyrolysis,2050,17599.01599,257569.757,1.63795127,1
COL_GXXXXX,Natural_gas,SMR_CCS,2020,13065.59488,249684.9685,2.048897599,1
COL_GXXXXX,Natural_gas,SMR_CCS,2025,13065.59488,249684.9685,1.948143481,1
COL_GXXXXX,Natural_gas,SMR_CCS,2030,13065.59488,249684.9685,1.847371715,1
COL_GXXXXX,Natural_gas,SMR_CCS,2035,13065.59488,249684.9685,1.838219424,1
COL_GXXXXX,Natural_gas,SMR_CCS,2040,13065.59488,249684.9685,1.829067334,1
COL_GXXXXX,Natural_gas,SMR_CCS,2045,13065.59488,249684.9685,1.819915445,1
COL_GXXXXX,Natural_gas,SMR_CCS,2050,13065.59488,249684.9685,1.810763757,1
COL_GXXXXX,Natural_gas,ATR_CCS,2020,11650.7301,249684.9685,1.521663945,1
COL_GXXXXX,Natural_gas,ATR_CCS,2025,11650.7301,249684.9685,1.46018683,1
COL_GXXXXX,Natural_gas,ATR_CCS,2030,11650.7301,249684.9685,1.398700471,1
COL_GXXXXX,Natural_gas,ATR_CCS,2035,11650.7301,249684.9685,1.391015115,1
COL_GXXXXX,Natural_gas,ATR_CCS,2040,11650.7301,249684.9685,1.383329978,1
COL_GXXXXX,Natural_gas,ATR_CCS,2045,11650.7301,249684.9685,1.375645058,1
COL_GXXXXX,Natural_gas,ATR_CCS,2050,11650.7301,249684.9685,1.367960356,1
COL_GXXXXX,Natural_gas,GHR_CCS,2020,11151.45993,249684.9685,1.482996063,1
COL_GXXXXX,Natural_gas,GHR_CCS,2025,10763.96748,249684.9685,1.390975822,1
COL_GXXXXX,Natural_gas,GHR_CCS,2030,10402.5,249684.9685,1.301289246,1
COL_GXXXXX,Natural_gas,GHR_CCS,2035,10402.5,249684.9685,1.293054986,1
COL_GXXXXX,Natural_gas,GHR_CCS,2040,10402.5,249684.9685,1.284820959,1
COL_GXXXXX,Natural_gas,GHR_CCS,2045,10402.5,249684.9685,1.276587166,1
COL_GXXXXX,Natural_gas,GHR_CCS,2050,10402.5,249684.9685,1.268353607,1
COL_GXXXXX,Natural_gas,Pyrolysis,2020,17599.01599,257569.757,1.722688758,1
COL_GXXXXX,Natural_gas,Pyrolysis,2025,17599.01599,257569.757,1.689205035,1
COL_GXXXXX,Natural_gas,Pyrolysis,2030,17599.01599,257569.757,1.655712571,1
COL_GXXXXX,Natural_gas,Pyrolysis,2035,17599.01599,257569.757,1.655709252,1
COL_GXXXXX,Natural_gas,Pyrolysis,2040,17599.01599,257569.757,1.655705934,1
COL_GXXXXX,Natural_gas,Pyrolysis,2045,17599.01599,257569.757,1.655702617,1
COL_GXXXXX,Natural_gas,Pyrolysis,2050,17599.01599,257569.757,1.655699301,1
DEU_GXXXXX,Natural_gas,SMR_CCS,2020,13065.59488,249684.9685,2.000791727,1
DEU_GXXXXX,Natural_gas,SMR_CCS,2025,13065.59488,249684.9685,1.904666569,1
DEU_GXXXXX,Natural_gas,SMR_CCS,2030,13065.59488,249684.9685,1.80851883,1
DEU_GXXXXX,Natural_gas,SMR_CCS,2035,13065.59488,249684.9685,1.799990313,1
DEU_GXXXXX,Natural_gas,SMR_CCS,2040,13065.59488,249684.9685,1.791460458,1
DEU_GXXXXX,Natural_gas,SMR_CCS,2045,13065.59488,249684.9685,1.782929266,1
DEU_GXXXXX,Natural_gas,SMR_CCS,2050,13065.59488,249684.9685,1.774396737,1
DEU_GXXXXX,Natural_gas,ATR_CCS,2020,11650.7301,249684.9685,1.496507259,1
DEU_GXXXXX,Natural_gas,ATR_CCS,2025,11650.7301,249684.9685,1.437405995,1
DEU_GXXXXX,Natural_gas,ATR_CCS,2030,11650.7301,249684.9685,1.378293025,1
DEU_GXXXXX,Natural_gas,ATR_CCS,2035,11650.7301,249684.9685,1.37125877,1
DEU_GXXXXX,Natural_gas,ATR_CCS,2040,11650.7301,249684.9685,1.364223061,1
DEU_GXXXXX,Natural_gas,ATR_CCS,2045,11650.7301,249684.9685,1.357185901,1
DEU_GXXXXX,Natural_gas,ATR_CCS,2050,11650.7301,249684.9685,1.350147289,1
DEU_GXXXXX,Natural_gas,GHR_CCS,2020,11151.45993,249684.9685,1.456895991,1
DEU_GXXXXX,Natural_gas,GHR_CCS,2025,10763.96748,249684.9685,1.366994048,1
DEU_GXXXXX,Natural_gas,GHR_CCS,2030,10402.5,249684.9685,1.279424139,1
DEU_GXXXXX,Natural_gas,GHR_CCS,2035,10402.5,249684.9685,1.271887482,1
DEU_GXXXXX,Natural_gas,GHR_CCS,2040,10402.5,249684.9685,1.264349269,1
DEU_GXXXXX,Natural_gas,GHR_CCS,2045,10402.5,249684.9685,1.2568095,1
DEU_GXXXXX,Natural_gas,GHR_CCS,2050,10402.5,249684.9685,1.249268175,1
DEU_GXXXXX,Natural_gas,Pyrolysis,2020,17599.01599,257569.757,1.69873777,1
DEU_GXXXXX,Natural_gas,Pyrolysis,2025,17599.01599,257569.757,1.667674577,1
DEU_GXXXXX,Natural_gas,Pyrolysis,2030,17599.01599,257569.757,1.636599865,1
DEU_GXXXXX,Natural_gas,Pyrolysis,2035,17599.01599,257569.757,1.636622016,1
DEU_GXXXXX,Natural_gas,Pyrolysis,2040,17599.01599,257569.757,1.636644161,1
DEU_GXXXXX,Natural_gas,Pyrolysis,2045,17599.01599,257569.757,1.6366663,1
DEU_GXXXXX,Natural_gas,Pyrolysis,2050,17599.01599,257569.757,1.636688434,1
DNK_GXXXXX,Natural_gas,SMR_CCS,2020,13065.59488,249684.9685,1.973462738,1
DNK_GXXXXX,Natural_gas,SMR_CCS,2025,13065.59488,249684.9685,1.879886914,1
DNK_GXXXXX,Natural_gas,SMR_CCS,2030,13065.59488,249684.9685,1.786306412,1
DNK_GXXXXX,Natural_gas,SMR_CCS,2035,13065.59488,249684.9685,1.778067218,1
DNK_GXXXXX,Natural_gas,SMR_CCS,2040,13065.59488,249684.9685,1.769827838,1
DNK_GXXXXX,Natural_gas,SMR_CCS,2045,13065.59488,249684.9685,1.761588271,1
DNK_GXXXXX,Natural_gas,SMR_CCS,2050,13065.59488,249684.9685,1.753348517,1
DNK_GXXXXX,Natural_gas,ATR_CCS,2020,11650.7301,249684.9685,1.482215724,1
DNK_GXXXXX,Natural_gas,ATR_CCS,2025,11650.7301,249684.9685,1.424422063,1
DNK_GXXXXX,Natural_gas,ATR_CCS,2030,11650.7301,249684.9685,1.366625971,1
DNK_GXXXXX,Natural_gas,ATR_CCS,2035,11650.7301,249684.9685,1.359929178,1
DNK_GXXXXX,Natural_gas,ATR_CCS,2040,11650.7301,249684.9685,1.353232182,1
DNK_GXXXXX,Natural_gas,ATR_CCS,2045,11650.7301,249684.9685,1.346534983,1
DNK_GXXXXX,Natural_gas,ATR_CCS,2050,11650.7301,249684.9685,1.339837581,1
DNK_GXXXXX,Natural_gas,GHR_CCS,2020,11151.45993,249684.9685,1.442068517,1
DNK_GXXXXX,Natural_gas,GHR_CCS,2025,10763.96748,249684.9685,1.353325641,1
DNK_GXXXXX,Natural_gas,GHR_CCS,2030,10402.5,249684.9685,1.266923732,1
DNK_GXXXXX,Natural_gas,GHR_CCS,2035,10402.5,249684.9685,1.25974864,1
DNK_GXXXXX,Natural_gas,GHR_CCS,2040,10402.5,249684.9685,1.25257333,1
DNK_GXXXXX,Natural_gas,GHR_CCS,2045,10402.5,249684.9685,1.245397803,1
DNK_GXXXXX,Natural_gas,GHR_CCS,2050,10402.5,249684.9685,1.238222058,1
DNK_GXXXXX,Natural_gas,Pyrolysis,2020,17599.01599,257569.757,1.685113657,1
DNK_GXXXXX,Natural_gas,Pyrolysis,2025,17599.01599,257569.757,1.65538749,1
DNK_GXXXXX,Natural_gas,Pyrolysis,2030,17599.01599,257569.757,1.625658954,1
DNK_GXXXXX,Natural_gas,Pyrolysis,2035,17599.01599,257569.757,1.62566205,1
DNK_GXXXXX,Natural_gas,Pyrolysis,2040,17599.01599,257569.757,1.625665146,1
DNK_GXXXXX,Natural_gas,Pyrolysis,2045,17599.01599,257569.757,1.625668241,1
DNK_GXXXXX,Natural_gas,Pyrolysis,2050,17599.01599,257569.757,1.625671335,1
DZA_GXXXXX,Natural_gas,SMR_CCS,2020,13065.59488,249684.9685,2.161700284,1
DZA_GXXXXX,Natural_gas,SMR_CCS,2025,13065.59488,249684.9685,2.04994786,1
DZA_GXXXXX,Natural_gas,SMR_CCS,2030,13065.59488,249684.9685,1.938263589,1
DZA_GXXXXX,Natural_gas,SMR_CCS,2035,13065.59488,249684.9685,1.927568235,1
DZA_GXXXXX,Natural_gas,SMR_CCS,2040,13065.59488,249684.9685,1.916879242,1
DZA_GXXXXX,Natural_gas,SMR_CCS,2045,13065.59488,249684.9685,1.906196606,1
DZA_GXXXXX,Natural_gas,SMR_CCS,2050,13065.59488,249684.9685,1.895520324,1
DZA_GXXXXX,Natural_gas,ATR_CCS,2020,11650.7301,249684.9685,1.580653453,1
DZA_GXXXXX,Natural_gas,ATR_CCS,2025,11650.7301,249684.9685,1.513529828,1
DZA_GXXXXX,Natural_gas,ATR_CCS,2030,11650.7301,249684.9685,1.446441352,1
DZA_GXXXXX,Natural_gas,ATR_CCS,2035,11650.7301,249684.9685,1.437189507,1
DZA_GXXXXX,Natural_gas,ATR_CCS,2040,11650.7301,249684.9685,1.427944551,1
DZA_GXXXXX,Natural_gas,ATR_CCS,2045,11650.7301,249684.9685,1.41870648,1
DZA_GXXXXX,Natural_gas,ATR_CCS,2050,11650.7301,249684.9685,1.409475289,1
DZA_GXXXXX,Natural_gas,GHR_CCS,2020,11151.45993,249684.9685,1.544197702,1
DZA_GXXXXX,Natural_gas,GHR_CCS,2025,10763.96748,249684.9685,1.447130905,1
DZA_GXXXXX,Natural_gas,GHR_CCS,2030,10402.5,249684.9685,1.352440158,1
DZA_GXXXXX,Natural_gas,GHR_CCS,2035,10402.5,249684.9685,1.342527526,1
DZA_GXXXXX,Natural_gas,GHR_CCS,2040,10402.5,249684.9685,1.332622275,1
DZA_GXXXXX,Natural_gas,GHR_CCS,2045,10402.5,249684.9685,1.3227244,1
DZA_GXXXXX,Natural_gas,GHR_CCS,2050,10402.5,249684.9685,1.312833898,1
DZA_GXXXXX,Natural_gas,Pyrolysis,2020,17599.01599,257569.757,1.778821412,1
DZA_GXXXXX,Natural_gas,Pyrolysis,2025,17599.01599,257569.757,1.739593556,1
DZA_GXXXXX,Natural_gas,Pyrolysis,2030,17599.01599,257569.757,1.700400905,1
DZA_GXXXXX,Natural_gas,Pyrolysis,2035,17599.01599,257569.757,1.700296175,1
DZA_GXXXXX,Natural_gas,Pyrolysis,2040,17599.01599,257569.757,1.700191487,1
DZA_GXXXXX,Natural_gas,Pyrolysis,2045,17599.01599,257569.757,1.700086843,1
DZA_GXXXXX,Natural_gas,Pyrolysis,2050,17599.01599,257569.757,1.699982242,1
EGY_GXXXXX,Natural_gas,SMR_CCS,2020,13065.59488,249684.9685,2.100554867,1
EGY_GXXXXX,Natural_gas,SMR_CCS,2025,13065.59488,249684.9685,1.994611809,1
EGY_GXXXXX,Natural_gas,SMR_CCS,2030,13065.59488,249684.9685,1.888705086,1
EGY_GXXXXX,Natural_gas,SMR_CCS,2035,13065.59488,249684.9685,1.87869911,1
EGY_GXXXXX,Natural_gas,SMR_CCS,2040,13065.59488,249684.9685,1.868700758,1
EGY_GXXXXX,Natural_gas,SMR_CCS,2045,13065.59488,249684.9685,1.858710025,1
EGY_GXXXXX,Natural_gas,SMR_CCS,2050,13065.59488,249684.9685,1.848726905,1
EGY_GXXXXX,Natural_gas,ATR_CCS,2020,11650.7301,249684.9685,1.548677813,1
EGY_GXXXXX,Natural_gas,ATR_CCS,2025,11650.7301,249684.9685,1.484535094,1
EGY_GXXXXX,Natural_gas,ATR_CCS,2030,11650.7301,249684.9685,1.42041079,1
EGY_GXXXXX,Natural_gas,ATR_CCS,2035,11650.7301,249684.9685,1.411934531,1
EGY_GXXXXX,Natural_gas,ATR_CCS,2040,11650.7301,249684.9685,1.403466521,1
EGY_GXXXXX,Natural_gas,ATR_CCS,2045,11650.7301,249684.9685,1.395006756,1
EGY_GXXXXX,Natural_gas,ATR_CCS,2050,11650.7301,249684.9685,1.386555228,1
EGY_GXXXXX,Natural_gas,GHR_CCS,2020,11151.45993,249684.9685,1.511022962,1
EGY_GXXXXX,Natural_gas,GHR_CCS,2025,10763.96748,249684.9685,1.416607655,1
EGY_GXXXXX,Natural_gas,GHR_CCS,2030,10402.5,249684.9685,1.324550287,1
EGY_GXXXXX,Natural_gas,GHR_CCS,2035,10402.5,249684.9685,1.315468635,1
EGY_GXXXXX,Natural_gas,GHR_CCS,2040,10402.5,249684.9685,1.306395821,1
EGY_GXXXXX,Natural_gas,GHR_CCS,2045,10402.5,249684.9685,1.297331841,1
EGY_GXXXXX,Natural_gas,GHR_CCS,2050,10402.5,249684.9685,1.288276687,1
EGY_GXXXXX,Natural_gas,Pyrolysis,2020,17599.01599,257569.757,1.748389925,1
EGY_GXXXXX,Natural_gas,Pyrolysis,2025,17599.01599,257569.757,1.712200819,1
EGY_GXXXXX,Natural_gas,Pyrolysis,2030,17599.01599,257569.757,1.676031307,1
EGY_GXXXXX,Natural_gas,Pyrolysis,2035,17599.01599,257569.757,1.675906088,1
EGY_GXXXXX,Natural_gas,Pyrolysis,2040,17599.01599,257569.757,1.675780926,1
EGY_GXXXXX,Natural_gas,Pyrolysis,2045,17599.01599,257569.757,1.675655822,1
EGY_GXXXXX,Natural_gas,Pyrolysis,2050,17599.01599,257569.757,1.675530776,1
GBR_GXXXXX,Natural_gas,SMR_CCS,2020,13065.59488,249684.9685,1.982185541,1
GBR_GXXXXX,Natural_gas,SMR_CCS,2025,13065.59488,249684.9685,1.887809759,1
GBR_GXXXXX,Natural_gas,SMR_CCS,2030,13065.59488,249684.9685,1.79342456,1
GBR_GXXXXX,Natural_gas,SMR_CCS,2035,13065.59488,249684.9685,1.785108512,1
GBR_GXXXXX,Natural_gas,SMR_CCS,2040,13065.59488,249684.9685,1.776791429,1
GBR_GXXXXX,Natural_gas,SMR_CCS,2045,13065.59488,249684.9685,1.768473312,1
GBR_GXXXXX,Natural_gas,SMR_CCS,2050,13065.59488,249684.9685,1.760154161,1
GBR_GXXXXX,Natural_gas,ATR_CCS,2020,11650.7301,249684.9685,1.486777263,1
GBR_GXXXXX,Natural_gas,ATR_CCS,2025,11650.7301,249684.9685,1.42857344,1
GBR_GXXXXX,Natural_gas,ATR_CCS,2030,11650.7301,249684.9685,1.370364773,1
GBR_GXXXXX,Natural_gas,ATR_CCS,2035,11650.7301,249684.9685,1.363568034,1
GBR_GXXXXX,Natural_gas,ATR_CCS,2040,11650.7301,249684.9685,1.356770171,1
GBR_GXXXXX,Natural_gas,ATR_CCS,2045,11650.7301,249684.9685,1.349971186,1
GBR_GXXXXX,Natural_gas,ATR_CCS,2050,11650.7301,249684.9685,1.343171079,1
GBR_GXXXXX,Natural_gas,GHR_CCS,2020,11151.45993,249684.9685,1.446801115,1
GBR_GXXXXX,Natural_gas,GHR_CCS,2025,10763.96748,249684.9685,1.357695866,1
GBR_GXXXXX,Natural_gas,GHR_CCS,2030,10402.5,249684.9685,1.270929588,1
GBR_GXXXXX,Natural_gas,GHR_CCS,2035,10402.5,249684.9685,1.263647412,1
GBR_GXXXXX,Natural_gas,GHR_CCS,2040,10402.5,249684.9685,1.256364032,1
GBR_GXXXXX,Natural_gas,GHR_CCS,2045,10402.5,249684.9685,1.249079449,1
GBR_GXXXXX,Natural_gas,GHR_CCS,2050,10402.5,249684.9685,1.241793664,1
GBR_GXXXXX,Natural_gas,Pyrolysis,2020,17599.01599,257569.757,1.689464052,1
GBR_GXXXXX,Natural_gas,Pyrolysis,2025,17599.01599,257569.757,1.659317766,1
GBR_GXXXXX,Natural_gas,Pyrolysis,2030,17599.01599,257569.757,1.629166576,1
GBR_GXXXXX,Natural_gas,Pyrolysis,2035,17599.01599,257569.757,1.629183715,1
GBR_GXXXXX,Natural_gas,Pyrolysis,2040,17599.01599,257569.757,1.629200849,1
GBR_GXXXXX,Natural_gas,Pyrolysis,2045,17599.01599,257569.757,1.629217978,1
GBR_GXXXXX,Natural_gas,Pyrolysis,2050,17599.01599,257569.757,1.629235103,1
IDN_GXXXXX,Natural_gas,SMR_CCS,2020,13065.59488,249684.9685,2.051444322,1
IDN_GXXXXX,Natural_gas,SMR_CCS,2025,13065.59488,249684.9685,1.950042215,1
IDN_GXXXXX,Natural_gas,SMR_CCS,2030,13065.59488,249684.9685,1.848738494,1
IDN_GXXXXX,Natural_gas,SMR_CCS,2035,13065.59488,249684.9685,1.83923886,1
IDN_GXXXXX,Natural_gas,SMR_CCS,2040,13065.59488,249684.9685,1.829749397,1
IDN_GXXXXX,Natural_gas,SMR_CCS,2045,13065.59488,249684.9685,1.820270097,1
IDN_GXXXXX,Natural_gas,SMR_CCS,2050,13065.59488,249684.9685,1.810800952,1
IDN_GXXXXX,Natural_gas,ATR_CCS,2020,11650.7301,249684.9685,1.522995739,1
IDN_GXXXXX,Natural_gas,ATR_CCS,2025,11650.7301,249684.9685,1.461181721,1
IDN_GXXXXX,Natural_gas,ATR_CCS,2030,11650.7301,249684.9685,1.399418371,1
IDN_GXXXXX,Natural_gas,ATR_CCS,2035,11650.7301,249684.9685,1.391541947,1
IDN_GXXXXX,Natural_gas,ATR_CCS,2040,11650.7301,249684.9685,1.383676513,1
IDN_GXXXXX,Natural_gas,ATR_CCS,2045,11650.7301,249684.9685,1.375822058,1
IDN_GXXXXX,Natural_gas,ATR_CCS,2050,11650.7301,249684.9685,1.367978574,1
IDN_GXXXXX,Natural_gas,GHR_CCS,2020,11151.45993,249684.9685,1.4843778,1
IDN_GXXXXX,Natural_gas,GHR_CCS,2025,10763.96748,249684.9685,1.39202316,1
IDN_GXXXXX,Natural_gas,GHR_CCS,2030,10402.5,249684.9685,1.302058424,1
IDN_GXXXXX,Natural_gas,GHR_CCS,2035,10402.5,249684.9685,1.293619448,1
IDN_GXXXXX,Natural_gas,GHR_CCS,2040,10402.5,249684.9685,1.285192247,1
IDN_GXXXXX,Natural_gas,GHR_CCS,2045,10402.5,249684.9685,1.276776809,1
IDN_GXXXXX,Natural_gas,GHR_CCS,2050,10402.5,249684.9685,1.268373126,1
IDN_GXXXXX,Natural_gas,Pyrolysis,2020,17599.01599,257569.757,1.723956049,1
IDN_GXXXXX,Natural_gas,Pyrolysis,2025,17599.01599,257569.757,1.690144823,1
IDN_GXXXXX,Natural_gas,Pyrolysis,2030,17599.01599,257569.757,1.656384572,1
IDN_GXXXXX,Natural_gas,Pyrolysis,2035,17599.01599,257569.757,1.656217977,1
IDN_GXXXXX,Natural_gas,Pyrolysis,2040,17599.01599,257569.757,1.656051472,1
IDN_GXXXXX,Natural_gas,Pyrolysis,2045,17599.01599,257569.757,1.655885058,1
IDN_GXXXXX,Natural_gas,Pyrolysis,2050,17599.01599,257569.757,1.655718735,1
IND_GXXXXX,Natural_gas,SMR_CCS,2020,13065.59488,249684.9685,2.044323469,1
IND_GXXXXX,Natural_gas,SMR_CCS,2025,13065.59488,249684.9685,1.943026623,1
IND_GXXXXX,Natural_gas,SMR_CCS,2030,13065.59488,249684.9685,1.841927735,1
IND_GXXXXX,Natural_gas,SMR_CCS,2035,13065.59488,249684.9685,1.832004049,1
IND_GXXXXX,Natural_gas,SMR_CCS,2040,13065.59488,249684.9685,1.822106867,1
IND_GXXXXX,Natural_gas,SMR_CCS,2045,13065.59488,249684.9685,1.812236153,1
IND_GXXXXX,Natural_gas,SMR_CCS,2050,13065.59488,249684.9685,1.80239187,1
IND_GXXXXX,Natural_gas,ATR_CCS,2020,11650.7301,249684.9685,1.519271931,1
IND_GXXXXX,Natural_gas,ATR_CCS,2025,11650.7301,249684.9685,1.457505722,1
IND_GXXXXX,Natural_gas,ATR_CCS,2030,11650.7301,249684.9685,1.395841025,1
IND_GXXXXX,Natural_gas,ATR_CCS,2035,11650.7301,249684.9685,1.387803084,1
IND_GXXXXX,Natural_gas,ATR_CCS,2040,11650.7301,249684.9685,1.379793575,1
IND_GXXXXX,Natural_gas,ATR_CCS,2045,11650.7301,249684.9685,1.371812457,1
IND_GXXXXX,Natural_gas,ATR_CCS,2050,11650.7301,249684.9685,1.36385969,1
IND_GXXXXX,Natural_gas,GHR_CCS,2020,11151.45993,249684.9685,1.480514347,1
IND_GXXXXX,Natural_gas,GHR_CCS,2025,10763.96748,249684.9685,1.388153374,1
IND_GXXXXX,Natural_gas,GHR_CCS,2030,10402.5,249684.9685,1.298225556,1
IND_GXXXXX,Natural_gas,GHR_CCS,2035,10402.5,249684.9685,1.289613525,1
IND_GXXXXX,Natural_gas,GHR_CCS,2040,10402.5,249684.9685,1.281031957,1
IND_GXXXXX,Natural_gas,GHR_CCS,2045,10402.5,249684.9685,1.272480808,1
IND_GXXXXX,Natural_gas,GHR_CCS,2050,10402.5,249684.9685,1.263960036,1
IND_GXXXXX,Natural_gas,Pyrolysis,2020,17599.01599,257569.757,1.720412481,1
IND_GXXXXX,Natural_gas,Pyrolysis,2025,17599.01599,257569.757,1.686672279,1
IND_GXXXXX,Natural_gas,Pyrolysis,2030,17599.01599,257569.757,1.653035777,1
IND_GXXXXX,Natural_gas,Pyrolysis,2035,17599.01599,257569.757,1.652607409,1
IND_GXXXXX,Natural_gas,Pyrolysis,2040,17599.01599,257569.757,1.652179448,1
IND_GXXXXX,Natural_gas,Pyrolysis,2045,17599.01599,257569.757,1.651751893,1
IND_GXXXXX,Natural_gas,Pyrolysis,2050,17599.01599,257569.757,1.651324746,1
IRN_GXXXXX,Natural_gas,SMR_CCS,2020,13065.59488,249684.9685,2.108955559,1
IRN_GXXXXX,Natural_gas,SMR_CCS,2025,13065.59488,249684.9685,2.002297913,1
IRN_GXXXXX,Natural_gas,SMR_CCS,2030,13065.59488,249684.9685,1.895680819,1
IRN_GXXXXX,Natural_gas,SMR_CCS,2035,13065.59488,249684.9685,1.885668445,1
IRN_GXXXXX,Natural_gas,SMR_CCS,2040,13065.59488,249684.9685,1.875660755,1
IRN_GXXXXX,Natural_gas,SMR_CCS,2045,13065.59488,249684.9685,1.865657747,1
IRN_GXXXXX,Natural_gas,SMR_CCS,2050,13065.59488,249684.9685,1.855659418,1
IRN_GXXXXX,Natural_gas,ATR_CCS,2020,11650.7301,249684.9685,1.553070906,1
IRN_GXXXXX,Natural_gas,ATR_CCS,2025,11650.7301,249684.9685,1.488562424,1
IRN_GXXXXX,Natural_gas,ATR_CCS,2030,11650.7301,249684.9685,1.424074788,1
IRN_GXXXXX,Natural_gas,ATR_CCS,2035,11650.7301,249684.9685,1.415536199,1
IRN_GXXXXX,Natural_gas,ATR_CCS,2040,11650.7301,249684.9685,1.407002685,1
IRN_GXXXXX,Natural_gas,ATR_CCS,2045,11650.7301,249684.9685,1.398474243,1
IRN_GXXXXX,Natural_gas,ATR_CCS,2050,11650.7301,249684.9685,1.389950869,1
IRN_GXXXXX,Natural_gas,GHR_CCS,2020,11151.45993,249684.9685,1.515580798,1
IRN_GXXXXX,Natural_gas,GHR_CCS,2025,10763.96748,249684.9685,1.420847294,1
IRN_GXXXXX,Natural_gas,GHR_CCS,2030,10402.5,249684.9685,1.328475997,1
IRN_GXXXXX,Natural_gas,GHR_CCS,2035,10402.5,249684.9685,1.319327563,1
IRN_GXXXXX,Natural_gas,GHR_CCS,2040,10402.5,249684.9685,1.310184567,1
IRN_GXXXXX,Natural_gas,GHR_CCS,2045,10402.5,249684.9685,1.301047005,1
IRN_GXXXXX,Natural_gas,GHR_CCS,2050,10402.5,249684.9685,1.291914873,1
IRN_GXXXXX,Natural_gas,Pyrolysis,2020,17599.01599,257569.757,1.752569558,1
IRN_GXXXXX,Natural_gas,Pyrolysis,2025,17599.01599,257569.757,1.71600445,1
IRN_GXXXXX,Natural_gas,Pyrolysis,2030,17599.01599,257569.757,1.679460452,1
IRN_GXXXXX,Natural_gas,Pyrolysis,2035,17599.01599,257569.757,1.679383346,1
IRN_GXXXXX,Natural_gas,Pyrolysis,2040,17599.01599,257569.757,1.679306271,1
IRN_GXXXXX,Natural_gas,Pyrolysis,2045,17599.01599,257569.757,1.679229226,1
IRN_GXXXXX,Natural_gas,Pyrolysis,2050,17599.01599,257569.757,1.679152211,1
IRQ_GXXXXX,Natural_gas,SMR_CCS,2020,13065.59488,249684.9685,2.182818821,1
IRQ_GXXXXX,Natural_gas,SMR_CCS,2025,13065.59488,249684.9685,2.069224814,1
IRQ_GXXXXX,Natural_gas,SMR_CCS,2030,13065.59488,249684.9685,1.955662895,1
IRQ_GXXXXX,Natural_gas,SMR_CCS,2035,13065.59488,249684.9685,1.944858381,1
IRQ_GXXXXX,Natural_gas,SMR_CCS,2040,13065.59488,249684.9685,1.934055753,1
IRQ_GXXXXX,Natural_gas,SMR_CCS,2045,13065.59488,249684.9685,1.923255012,1
IRQ_GXXXXX,Natural_gas,SMR_CCS,2050,13065.59488,249684.9685,1.912456156,1
IRQ_GXXXXX,Natural_gas,ATR_CCS,2020,11650.7301,249684.9685,1.591697269,1
IRQ_GXXXXX,Natural_gas,ATR_CCS,2025,11650.7301,249684.9685,1.523630479,1
IRQ_GXXXXX,Natural_gas,ATR_CCS,2030,11650.7301,249684.9685,1.455580323,1
IRQ_GXXXXX,Natural_gas,ATR_CCS,2035,11650.7301,249684.9685,1.446124847,1
IRQ_GXXXXX,Natural_gas,ATR_CCS,2040,11650.7301,249684.9685,1.436671417,1
IRQ_GXXXXX,Natural_gas,ATR_CCS,2045,11650.7301,249684.9685,1.427220033,1
IRQ_GXXXXX,Natural_gas,ATR_CCS,2050,11650.7301,249684.9685,1.417770693,1
IRQ_GXXXXX,Natural_gas,GHR_CCS,2020,11151.45993,249684.9685,1.555655666,1
IRQ_GXXXXX,Natural_gas,GHR_CCS,2025,10763.96748,249684.9685,1.457764033,1
IRQ_GXXXXX,Natural_gas,GHR_CCS,2030,10402.5,249684.9685,1.362231906,1
IRQ_GXXXXX,Natural_gas,GHR_CCS,2035,10402.5,249684.9685,1.352101099,1
IRQ_GXXXXX,Natural_gas,GHR_CCS,2040,10402.5,249684.9685,1.341972485,1
IRQ_GXXXXX,Natural_gas,GHR_CCS,2045,10402.5,249684.9685,1.331846063,1
IRQ_GXXXXX,Natural_gas,GHR_CCS,2050,10402.5,249684.9685,1.321721832,1
IRQ_GXXXXX,Natural_gas,Pyrolysis,2020,17599.01599,257569.757,1.789339789,1
IRQ_GXXXXX,Natural_gas,Pyrolysis,2025,17599.01599,257569.757,1.749143287,1
IRQ_GXXXXX,Natural_gas,Pyrolysis,2030,17599.01599,257569.757,1.708963148,1
IRQ_GXXXXX,Natural_gas,Pyrolysis,2035,17599.01599,257569.757,1.708931979,1
IRQ_GXXXXX,Natural_gas,Pyrolysis,2040,17599.01599,257569.757,1.70890082,1
IRQ_GXXXXX,Natural_gas,Pyrolysis,2045,17599.01599,257569.757,1.708869671,1
IRQ_GXXXXX,Natural_gas,Pyrolysis,2050,17599.01599,257569.757,1.708838533,1
ITA_GXXXXX,Natural_gas,SMR_CCS,2020,13065.59488,249684.9685,2.034709567,1
ITA_GXXXXX,Natural_gas,SMR_CCS,2025,13065.59488,249684.9685,1.935249009,1
ITA_GXXXXX,Natural_gas,SMR_CCS,2030,13065.59488,249684.9685,1.835810554,1
ITA_GXXXXX,Natural_gas,SMR_CCS,2035,13065.59488,249684.9685,1.826806305,1
ITA_GXXXXX,Natural_gas,SMR_CCS,2040,13065.59488,249684.9685,1.817802934,1
ITA_GXXXXX,Natural_gas,SMR_CCS,2045,13065.59488,249684.9685,1.808800441,1
ITA_GXXXXX,Natural_gas,SMR_CCS,2050,13065.59488,249684.9685,1.799798827,1
ITA_GXXXXX,Natural_gas,ATR_CCS,2020,11650.7301,249684.9685,1.514244397,1
ITA_GXXXXX,Natural_gas,ATR_CCS,2025,11650.7301,249684.9685,1.453430443,1
ITA_GXXXXX,Natural_gas,ATR_CCS,2030,11650.7301,249684.9685,1.392627981,1
ITA_GXXXXX,Natural_gas,ATR_CCS,2035,11650.7301,249684.9685,1.385116952,1
ITA_GXXXXX,Natural_gas,ATR_CCS,2040,11650.7301,249684.9685,1.377606876,1
ITA_GXXXXX,Natural_gas,ATR_CCS,2045,11650.7301,249684.9685,1.370097753,1
ITA_GXXXXX,Natural_gas,ATR_CCS,2050,11650.7301,249684.9685,1.362589582,1
ITA_GXXXXX,Natural_gas,GHR_CCS,2020,11151.45993,249684.9685,1.475298279,1
ITA_GXXXXX,Natural_gas,GHR_CCS,2025,10763.96748,249684.9685,1.383863258,1
ITA_GXXXXX,Natural_gas,GHR_CCS,2030,10402.5,249684.9685,1.29478301,1
ITA_GXXXXX,Natural_gas,GHR_CCS,2035,10402.5,249684.9685,1.286735528,1
ITA_GXXXXX,Natural_gas,GHR_CCS,2040,10402.5,249684.9685,1.278689067,1
ITA_GXXXXX,Natural_gas,GHR_CCS,2045,10402.5,249684.9685,1.270643626,1
ITA_GXXXXX,Natural_gas,GHR_CCS,2050,10402.5,249684.9685,1.262599205,1
ITA_GXXXXX,Natural_gas,Pyrolysis,2020,17599.01599,257569.757,1.715627634,1
ITA_GXXXXX,Natural_gas,Pyrolysis,2025,17599.01599,257569.757,1.682822031,1
ITA_GXXXXX,Natural_gas,Pyrolysis,2030,17599.01599,257569.757,1.650027605,1
ITA_GXXXXX,Natural_gas,Pyrolysis,2035,17599.01599,257569.757,1.650013105,1
ITA_GXXXXX,Natural_gas,Pyrolysis,2040,17599.01599,257569.757,1.649998609,1
ITA_GXXXXX,Natural_gas,Pyrolysis,2045,17599.01599,257569.757,1.649984118,1
ITA_GXXXXX,Natural_gas,Pyrolysis,2050,17599.01599,257569.757,1.649969632,1
KAZ_GXXXXX,Natural_gas,SMR_CCS,2020,13065.59488,249684.9685,2.001284807,1
KAZ_GXXXXX,Natural_gas,SMR_CCS,2025,13065.59488,249684.9685,1.90462152,1
KAZ_GXXXXX,Natural_gas,SMR_CCS,2030,13065.59488,249684.9685,1.808069551,1
KAZ_GXXXXX,Natural_gas,SMR_CCS,2035,13065.59488,249684.9685,1.799144953,1
KAZ_GXXXXX,Natural_gas,SMR_CCS,2040,13065.59488,249684.9685,1.790231297,1
KAZ_GXXXXX,Natural_gas,SMR_CCS,2045,13065.59488,249684.9685,1.781328575,1
KAZ_GXXXXX,Natural_gas,SMR_CCS,2050,13065.59488,249684.9685,1.772436776,1
KAZ_GXXXXX,Natural_gas,ATR_CCS,2020,11650.7301,249684.9685,1.496765113,1
KAZ_GXXXXX,Natural_gas,ATR_CCS,2025,11650.7301,249684.9685,1.437382391,1
KAZ_GXXXXX,Natural_gas,ATR_CCS,2030,11650.7301,249684.9685,1.378057042,1
KAZ_GXXXXX,Natural_gas,ATR_CCS,2035,11650.7301,249684.9685,1.370821898,1
KAZ_GXXXXX,Natural_gas,ATR_CCS,2040,11650.7301,249684.9685,1.363598562,1
KAZ_GXXXXX,Natural_gas,ATR_CCS,2045,11650.7301,249684.9685,1.356387024,1
KAZ_GXXXXX,Natural_gas,ATR_CCS,2050,11650.7301,249684.9685,1.349187273,1
KAZ_GXXXXX,Natural_gas,GHR_CCS,2020,11151.45993,249684.9685,1.457163514,1
KAZ_GXXXXX,Natural_gas,GHR_CCS,2025,10763.96748,249684.9685,1.366969199,1
KAZ_GXXXXX,Natural_gas,GHR_CCS,2030,10402.5,249684.9685,1.2791713,1
KAZ_GXXXXX,Natural_gas,GHR_CCS,2035,10402.5,249684.9685,1.271419406,1
KAZ_GXXXXX,Natural_gas,GHR_CCS,2040,10402.5,249684.9685,1.263680163,1
KAZ_GXXXXX,Natural_gas,GHR_CCS,2045,10402.5,249684.9685,1.25595356,1
KAZ_GXXXXX,Natural_gas,GHR_CCS,2050,10402.5,249684.9685,1.248239587,1
KAZ_GXXXXX,Natural_gas,Pyrolysis,2020,17599.01599,257569.757,1.698983435,1
KAZ_GXXXXX,Natural_gas,Pyrolysis,2025,17599.01599,257569.757,1.667652253,1
KAZ_GXXXXX,Natural_gas,Pyrolysis,2030,17599.01599,257569.757,1.636378697,1
KAZ_GXXXXX,Natural_gas,Pyrolysis,2035,17599.01599,257569.757,1.636199637,1
KAZ_GXXXXX,Natural_gas,Pyrolysis,2040,17599.01599,257569.757,1.636020684,1
KAZ_GXXXXX,Natural_gas,Pyrolysis,2045,17599.01599,257569.757,1.635841839,1
KAZ_GXXXXX,Natural_gas,Pyrolysis,2050,17599.01599,257569.757,1.635663102,1
KWT_GXXXXX,Natural_gas,SMR_CCS,2020,13065.59488,249684.9685,2.062696303,1
KWT_GXXXXX,Natural_gas,SMR_CCS,2025,13065.59488,249684.9685,1.960374754,1
KWT_GXXXXX,Natural_gas,SMR_CCS,2030,13065.59488,249684.9685,1.858032627,1
KWT_GXXXXX,Natural_gas,SMR_CCS,2035,13065.59488,249684.9685,1.848443444,1
KWT_GXXXXX,Natural_gas,SMR_CCS,2040,13065.59488,249684.9685,1.838862973,1
KWT_GXXXXX,Natural_gas,SMR_CCS,2045,13065.59488,249684.9685,1.829291208,1
KWT_GXXXXX,Natural_gas,SMR_CCS,2050,13065.59488,249684.9685,1.819728143,1
KWT_GXXXXX,Natural_gas,ATR_CCS,2020,11650.7301,249684.9685,1.528879898,1
KWT_GXXXXX,Natural_gas,ATR_CCS,2025,11650.7301,249684.9685,1.466595717,1
KWT_GXXXXX,Natural_gas,ATR_CCS,2030,11650.7301,249684.9685,1.404300106,1
KWT_GXXXXX,Natural_gas,ATR_CCS,2035,11650.7301,249684.9685,1.396298766,1
KWT_GXXXXX,Natural_gas,ATR_CCS,2040,11650.7301,249684.9685,1.388306845,1
KWT_GXXXXX,Natural_gas,ATR_CCS,2045,11650.7301,249684.9685,1.380324337,1
KWT_GXXXXX,Natural_gas,ATR_CCS,2050,11650.7301,249684.9685,1.372351236,1
KWT_GXXXXX,Natural_gas,GHR_CCS,2020,11151.45993,249684.9685,1.490482617,1
KWT_GXXXXX,Natural_gas,GHR_CCS,2025,10763.96748,249684.9685,1.397722566,1
KWT_GXXXXX,Natural_gas,GHR_CCS,2030,10402.5,249684.9685,1.307288851,1
KWT_GXXXXX,Natural_gas,GHR_CCS,2035,10402.5,249684.9685,1.298716037,1
KWT_GXXXXX,Natural_gas,GHR_CCS,2040,10402.5,249684.9685,1.290153316,1
KWT_GXXXXX,Natural_gas,GHR_CCS,2045,10402.5,249684.9685,1.28160068,1
KWT_GXXXXX,Natural_gas,GHR_CCS,2050,10402.5,249684.9685,1.273058121,1
KWT_GXXXXX,Natural_gas,Pyrolysis,2020,17599.01599,257569.757,1.729554764,1
KWT_GXXXXX,Natural_gas,Pyrolysis,2025,17599.01599,257569.757,1.695258552,1
KWT_GXXXXX,Natural_gas,Pyrolysis,2030,17599.01599,257569.757,1.660953834,1
KWT_GXXXXX,Natural_gas,Pyrolysis,2035,17599.01599,257569.757,1.660810945,1
KWT_GXXXXX,Natural_gas,Pyrolysis,2040,17599.01599,257569.757,1.660668128,1
KWT_GXXXXX,Natural_gas,Pyrolysis,2045,17599.01599,257569.757,1.660525383,1
KWT_GXXXXX,Natural_gas,Pyrolysis,2050,17599.01599,257569.757,1.66038271,1
LBY_GXXXXX,Natural_gas,SMR_CCS,2020,13065.59488,249684.9685,2.248883283,1
LBY_GXXXXX,Natural_gas,SMR_CCS,2025,13065.59488,249684.9685,2.129105237,1
LBY_GXXXXX,Natural_gas,SMR_CCS,2030,13065.59488,249684.9685,2.009322084,1
LBY_GXXXXX,Natural_gas,SMR_CCS,2035,13065.59488,249684.9685,1.997801465,1
LBY_GXXXXX,Natural_gas,SMR_CCS,2040,13065.59488,249684.9685,1.986280465,1
LBY_GXXXXX,Natural_gas,SMR_CCS,2045,13065.59488,249684.9685,1.974759086,1
LBY_GXXXXX,Natural_gas,SMR_CCS,2050,13065.59488,249684.9685,1.963237327,1
LBY_GXXXXX,Natural_gas,ATR_CCS,2020,11650.7301,249684.9685,1.626245296,1
LBY_GXXXXX,Natural_gas,ATR_CCS,2025,11650.7301,249684.9685,1.555006352,1
LBY_GXXXXX,Natural_gas,ATR_CCS,2030,11650.7301,249684.9685,1.483764768,1
LBY_GXXXXX,Natural_gas,ATR_CCS,2035,11650.7301,249684.9685,1.473485197,1
LBY_GXXXXX,Natural_gas,ATR_CCS,2040,11650.7301,249684.9685,1.463205213,1
LBY_GXXXXX,Natural_gas,ATR_CCS,2045,11650.7301,249684.9685,1.452924818,1
LBY_GXXXXX,Natural_gas,ATR_CCS,2050,11650.7301,249684.9685,1.44264401,1
LBY_GXXXXX,Natural_gas,GHR_CCS,2020,11151.45993,249684.9685,1.591499258,1
LBY_GXXXXX,Natural_gas,GHR_CCS,2025,10763.96748,249684.9685,1.49079395,1
LBY_GXXXXX,Natural_gas,GHR_CCS,2030,10402.5,249684.9685,1.392429506,1
LBY_GXXXXX,Natural_gas,GHR_CCS,2035,10402.5,249684.9685,1.381415747,1
LBY_GXXXXX,Natural_gas,GHR_CCS,2040,10402.5,249684.9685,1.370401545,1
LBY_GXXXXX,Natural_gas,GHR_CCS,2045,10402.5,249684.9685,1.359386902,1
LBY_GXXXXX,Natural_gas,GHR_CCS,2050,10402.5,249684.9685,1.348371817,1
LBY_GXXXXX,Natural_gas,Pyrolysis,2020,17599.01599,257569.757,1.822285188,1
LBY_GXXXXX,Natural_gas,Pyrolysis,2025,17599.01599,257569.757,1.778844963,1
LBY_GXXXXX,Natural_gas,Pyrolysis,2030,17599.01599,257569.757,1.735402111,1
LBY_GXXXXX,Natural_gas,Pyrolysis,2035,17599.01599,257569.757,1.735408409,1
LBY_GXXXXX,Natural_gas,Pyrolysis,2040,17599.01599,257569.757,1.735414704,1
LBY_GXXXXX,Natural_gas,Pyrolysis,2045,17599.01599,257569.757,1.735420997,1
LBY_GXXXXX,Natural_gas,Pyrolysis,2050,17599.01599,257569.757,1.735427289,1
MEX_GXXXXX,Natural_gas,SMR_CCS,2020,13065.59488,249684.9685,2.037233892,1
MEX_GXXXXX,Natural_gas,SMR_CCS,2025,13065.59488,249684.9685,1.937589837,1
MEX_GXXXXX,Natural_gas,SMR_CCS,2030,13065.59488,249684.9685,1.837947793,1
MEX_GXXXXX,Natural_gas,SMR_CCS,2035,13065.59488,249684.9685,1.82895398,1
MEX_GXXXXX,Natural_gas,SMR_CCS,2040,13065.59488,249684.9685,1.819959778,1
MEX_GXXXXX,Natural_gas,SMR_CCS,2045,13065.59488,249684.9685,1.810965186,1
MEX_GXXXXX,Natural_gas,SMR_CCS,2050,13065.59488,249684.9685,1.801970205,1
MEX_GXXXXX,Natural_gas,ATR_CCS,2020,11650.7301,249684.9685,1.515564477,1
MEX_GXXXXX,Natural_gas,ATR_CCS,2025,11650.7301,249684.9685,1.45465698,1
MEX_GXXXXX,Natural_gas,ATR_CCS,2030,11650.7301,249684.9685,1.393750564,1
MEX_GXXXXX,Natural_gas,ATR_CCS,2035,11650.7301,249684.9685,1.386226845,1
MEX_GXXXXX,Natural_gas,ATR_CCS,2040,11650.7301,249684.9685,1.378702703,1
MEX_GXXXXX,Natural_gas,ATR_CCS,2045,11650.7301,249684.9685,1.371178139,1
MEX_GXXXXX,Natural_gas,ATR_CCS,2050,11650.7301,249684.9685,1.363653153,1
MEX_GXXXXX,Natural_gas,GHR_CCS,2020,11151.45993,249684.9685,1.476667863,1
MEX_GXXXXX,Natural_gas,GHR_CCS,2025,10763.96748,249684.9685,1.385154454,1
MEX_GXXXXX,Natural_gas,GHR_CCS,2030,10402.5,249684.9685,1.295985777,1
MEX_GXXXXX,Natural_gas,GHR_CCS,2035,10402.5,249684.9685,1.287924699,1
MEX_GXXXXX,Natural_gas,GHR_CCS,2040,10402.5,249684.9685,1.279863167,1
MEX_GXXXXX,Natural_gas,GHR_CCS,2045,10402.5,249684.9685,1.271801183,1
MEX_GXXXXX,Natural_gas,GHR_CCS,2050,10402.5,249684.9685,1.263738746,1
MEX_GXXXXX,Natural_gas,Pyrolysis,2020,17599.01599,257569.757,1.716884074,1
MEX_GXXXXX,Natural_gas,Pyrolysis,2025,17599.01599,257569.757,1.683980905,1
MEX_GXXXXX,Natural_gas,Pyrolysis,2030,17599.01599,257569.757,1.651078658,1
MEX_GXXXXX,Natural_gas,Pyrolysis,2035,17599.01599,257569.757,1.651085094,1
MEX_GXXXXX,Natural_gas,Pyrolysis,2040,17599.01599,257569.757,1.651091528,1
MEX_GXXXXX,Natural_gas,Pyrolysis,2045,17599.01599,257569.757,1.651097961,1
MEX_GXXXXX,Natural_gas,Pyrolysis,2050,17599.01599,257569.757,1.651104392,1
MMR_GXXXXX,Natural_gas,SMR_CCS,2020,13065.59488,249684.9685,2.171424524,1
MMR_GXXXXX,Natural_gas,SMR_CCS,2025,13065.59488,249684.9685,2.058842313,1
MMR_GXXXXX,Natural_gas,SMR_CCS,2030,13065.59488,249684.9685,1.946242502,1
MMR_GXXXXX,Natural_gas,SMR_CCS,2035,13065.59488,249684.9685,1.935449064,1
MMR_GXXXXX,Natural_gas,SMR_CCS,2040,13065.59488,249684.9685,1.924661393,1
MMR_GXXXXX,Natural_gas,SMR_CCS,2045,13065.59488,249684.9685,1.913879483,1
MMR_GXXXXX,Natural_gas,SMR_CCS,2050,13065.59488,249684.9685,1.903103332,1
MMR_GXXXXX,Natural_gas,ATR_CCS,2020,11650.7301,249684.9685,1.585738688,1
MMR_GXXXXX,Natural_gas,ATR_CCS,2025,11650.7301,249684.9685,1.518190303,1
MMR_GXXXXX,Natural_gas,ATR_CCS,2030,11650.7301,249684.9685,1.45063227,1
MMR_GXXXXX,Natural_gas,ATR_CCS,2035,11650.7301,249684.9685,1.441262225,1
MMR_GXXXXX,Natural_gas,ATR_CCS,2040,11650.7301,249684.9685,1.431898427,1
MMR_GXXXXX,Natural_gas,ATR_CCS,2045,11650.7301,249684.9685,1.42254087,1
MMR_GXXXXX,Natural_gas,ATR_CCS,2050,11650.7301,249684.9685,1.413189551,1
MMR_GXXXXX,Natural_gas,GHR_CCS,2020,11151.45993,249684.9685,1.549473636,1
MMR_GXXXXX,Natural_gas,GHR_CCS,2025,10763.96748,249684.9685,1.452037067,1
MMR_GXXXXX,Natural_gas,GHR_CCS,2030,10402.5,249684.9685,1.356930424,1
MMR_GXXXXX,Natural_gas,GHR_CCS,2035,10402.5,249684.9685,1.34689115,1
MMR_GXXXXX,Natural_gas,GHR_CCS,2040,10402.5,249684.9685,1.336858569,1
MMR_GXXXXX,Natural_gas,GHR_CCS,2045,10402.5,249684.9685,1.326832675,1
MMR_GXXXXX,Natural_gas,GHR_CCS,2050,10402.5,249684.9685,1.316813464,1
MMR_GXXXXX,Natural_gas,Pyrolysis,2020,17599.01599,257569.757,1.783664048,1
MMR_GXXXXX,Natural_gas,Pyrolysis,2025,17599.01599,257569.757,1.743999235,1
MMR_GXXXXX,Natural_gas,Pyrolysis,2030,17599.01599,257569.757,1.704326808,1
MMR_GXXXXX,Natural_gas,Pyrolysis,2035,17599.01599,257569.757,1.704231816,1
MMR_GXXXXX,Natural_gas,Pyrolysis,2040,17599.01599,257569.757,1.704136862,1
MMR_GXXXXX,Natural_gas,Pyrolysis,2045,17599.01599,257569.757,1.704041946,1
MMR_GXXXXX,Natural_gas,Pyrolysis,2050,17599.01599,257569.757,1.703947068,1
MYS_GXXXXX,Natural_gas,SMR_CCS,2020,13065.59488,249684.9685,1.991946287,1
MYS_GXXXXX,Natural_gas,SMR_CCS,2025,13065.59488,249684.9685,1.896463821,1
MYS_GXXXXX,Natural_gas,SMR_CCS,2030,13065.59488,249684.9685,1.801007067,1
MYS_GXXXXX,Natural_gas,SMR_CCS,2035,13065.59488,249684.9685,1.792420226,1
MYS_GXXXXX,Natural_gas,SMR_CCS,2040,13065.59488,249684.9685,1.783837168,1
MYS_GXXXXX,Natural_gas,SMR_CCS,2045,13065.59488,249684.9685,1.775257891,1
MYS_GXXXXX,Natural_gas,SMR_CCS,2050,13065.59488,249684.9685,1.766682393,1
MYS_GXXXXX,Natural_gas,ATR_CCS,2020,11650.7301,249684.9685,1.491881588,1
MYS_GXXXXX,Natural_gas,ATR_CCS,2025,11650.7301,249684.9685,1.433107956,1
MYS_GXXXXX,Natural_gas,ATR_CCS,2030,11650.7301,249684.9685,1.374347478,1
MYS_GXXXXX,Natural_gas,ATR_CCS,2035,11650.7301,249684.9685,1.36734664,1
MYS_GXXXXX,Natural_gas,ATR_CCS,2040,11650.7301,249684.9685,1.360349898,1
MYS_GXXXXX,Natural_gas,ATR_CCS,2045,11650.7301,249684.9685,1.353357252,1
MYS_GXXXXX,Natural_gas,ATR_CCS,2050,11650.7301,249684.9685,1.346368697,1
MYS_GXXXXX,Natural_gas,GHR_CCS,2020,11151.45993,249684.9685,1.452096856,1
MYS_GXXXXX,Natural_gas,GHR_CCS,2025,10763.96748,249684.9685,1.362469429,1
MYS_GXXXXX,Natural_gas,GHR_CCS,2030,10402.5,249684.9685,1.27519677,1
MYS_GXXXXX,Natural_gas,GHR_CCS,2035,10402.5,249684.9685,1.267695916,1
MYS_GXXXXX,Natural_gas,GHR_CCS,2040,10402.5,249684.9685,1.260199453,1
MYS_GXXXXX,Natural_gas,GHR_CCS,2045,10402.5,249684.9685,1.252707376,1
MYS_GXXXXX,Natural_gas,GHR_CCS,2050,10402.5,249684.9685,1.245219683,1
MYS_GXXXXX,Natural_gas,Pyrolysis,2020,17599.01599,257569.757,1.694329937,1
MYS_GXXXXX,Natural_gas,Pyrolysis,2025,17599.01599,257569.757,1.663608875,1
MYS_GXXXXX,Natural_gas,Pyrolysis,2030,17599.01599,257569.757,1.632901382,1
MYS_GXXXXX,Natural_gas,Pyrolysis,2035,17599.01599,257569.757,1.632839038,1
MYS_GXXXXX,Natural_gas,Pyrolysis,2040,17599.01599,257569.757,1.632776719,1
MYS_GXXXXX,Natural_gas,Pyrolysis,2045,17599.01599,257569.757,1.632714425,1
MYS_GXXXXX,Natural_gas,Pyrolysis,2050,17599.01599,257569.757,1.632652156,1
NGA_GXXXXX,Natural_gas,SMR_CCS,2020,13065.59488,249684.9685,2.117391798,1
NGA_GXXXXX,Natural_gas,SMR_CCS,2025,13065.59488,249684.9685,2.00966086,1
NGA_GXXXXX,Natural_gas,SMR_CCS,2030,13065.59488,249684.9685,1.901994232,1
NGA_GXXXXX,Natural_gas,SMR_CCS,2035,13065.59488,249684.9685,1.891617807,1
NGA_GXXXXX,Natural_gas,SMR_CCS,2040,13065.59488,249684.9685,1.881254351,1
NGA_GXXXXX,Natural_gas,SMR_CCS,2045,13065.59488,249684.9685,1.870903851,1
NGA_GXXXXX,Natural_gas,SMR_CCS,2050,13065.59488,249684.9685,1.860566297,1
NGA_GXXXXX,Natural_gas,ATR_CCS,2020,11650.7301,249684.9685,1.557482588,1
NGA_GXXXXX,Natural_gas,ATR_CCS,2025,11650.7301,249684.9685,1.492420428,1
NGA_GXXXXX,Natural_gas,ATR_CCS,2030,11650.7301,249684.9685,1.427390902,1
NGA_GXXXXX,Natural_gas,ATR_CCS,2035,11650.7301,249684.9685,1.418610758,1
NGA_GXXXXX,Natural_gas,ATR_CCS,2040,11650.7301,249684.9685,1.409844622,1
NGA_GXXXXX,Natural_gas,ATR_CCS,2045,11650.7301,249684.9685,1.401092481,1
NGA_GXXXXX,Natural_gas,ATR_CCS,2050,11650.7301,249684.9685,1.392354326,1
NGA_GXXXXX,Natural_gas,GHR_CCS,2020,11151.45993,249684.9685,1.52015792,1
NGA_GXXXXX,Natural_gas,GHR_CCS,2025,10763.96748,249684.9685,1.42490868,1
NGA_GXXXXX,Natural_gas,GHR_CCS,2030,10402.5,249684.9685,1.332028974,1
NGA_GXXXXX,Natural_gas,GHR_CCS,2035,10402.5,249684.9685,1.322621732,1
NGA_GXXXXX,Natural_gas,GHR_CCS,2040,10402.5,249684.9685,1.313229499,1
NGA_GXXXXX,Natural_gas,GHR_CCS,2045,10402.5,249684.9685,1.303852261,1
NGA_GXXXXX,Natural_gas,GHR_CCS,2050,10402.5,249684.9685,1.294490006,1
NGA_GXXXXX,Natural_gas,Pyrolysis,2020,17599.01599,257569.757,1.75676715,1
NGA_GXXXXX,Natural_gas,Pyrolysis,2025,17599.01599,257569.757,1.719648391,1
NGA_GXXXXX,Natural_gas,Pyrolysis,2030,17599.01599,257569.757,1.682564204,1
NGA_GXXXXX,Natural_gas,Pyrolysis,2035,17599.01599,257569.757,1.682351881,1
NGA_GXXXXX,Natural_gas,Pyrolysis,2040,17599.01599,257569.757,1.682139677,1
NGA_GXXXXX,Natural_gas,Pyrolysis,2045,17599.01599,257569.757,1.681927593,1
NGA_GXXXXX,Natural_gas,Pyrolysis,2050,17599.01599,257569.757,1.681715628,1
NLD_GXXXXX,Natural_gas,SMR_CCS,2020,13065.59488,249684.9685,2.018651176,1
NLD_GXXXXX,Natural_gas,SMR_CCS,2025,13065.59488,249684.9685,1.920774243,1
NLD_GXXXXX,Natural_gas,SMR_CCS,2030,13065.59488,249684.9685,1.822898628,1
NLD_GXXXXX,Natural_gas,SMR_CCS,2035,13065.59488,249684.9685,1.814124718,1
NLD_GXXXXX,Natural_gas,SMR_CCS,2040,13065.59488,249684.9685,1.805350479,1
NLD_GXXXXX,Natural_gas,SMR_CCS,2045,13065.59488,249684.9685,1.796575909,1
NLD_GXXXXX,Natural_gas,SMR_CCS,2050,13065.59488,249684.9685,1.787801009,1
NLD_GXXXXX,Natural_gas,ATR_CCS,2020,11650.7301,249684.9685,1.505846755,1
NLD_GXXXXX,Natural_gas,ATR_CCS,2025,11650.7301,249684.9685,1.445846021,1
NLD_GXXXXX,Natural_gas,ATR_CCS,2030,11650.7301,249684.9685,1.385846002,1
NLD_GXXXXX,Natural_gas,ATR_CCS,2035,11650.7301,249684.9685,1.378563261,1
NLD_GXXXXX,Natural_gas,ATR_CCS,2040,11650.7301,249684.9685,1.371280161,1
NLD_GXXXXX,Natural_gas,ATR_CCS,2045,11650.7301,249684.9685,1.363996702,1
NLD_GXXXXX,Natural_gas,ATR_CCS,2050,11650.7301,249684.9685,1.356712886,1
NLD_GXXXXX,Natural_gas,GHR_CCS,2020,11151.45993,249684.9685,1.466585721,1
NLD_GXXXXX,Natural_gas,GHR_CCS,2025,10763.96748,249684.9685,1.375879007,1
NLD_GXXXXX,Natural_gas,GHR_CCS,2030,10402.5,249684.9685,1.287516609,1
NLD_GXXXXX,Natural_gas,GHR_CCS,2035,10402.5,249684.9685,1.279713719,1
NLD_GXXXXX,Natural_gas,GHR_CCS,2040,10402.5,249684.9685,1.271910445,1
NLD_GXXXXX,Natural_gas,GHR_CCS,2045,10402.5,249684.9685,1.264106786,1
NLD_GXXXXX,Natural_gas,GHR_CCS,2050,10402.5,249684.9685,1.256302744,1
NLD_GXXXXX,Natural_gas,Pyrolysis,2020,17599.01599,257569.757,1.707633165,1
NLD_GXXXXX,Natural_gas,Pyrolysis,2025,17599.01599,257569.757,1.675654509,1
NLD_GXXXXX,Natural_gas,Pyrolysis,2030,17599.01599,257569.757,1.643676443,1
NLD_GXXXXX,Natural_gas,Pyrolysis,2035,17599.01599,257569.757,1.643681903,1
NLD_GXXXXX,Natural_gas,Pyrolysis,2040,17599.01599,257569.757,1.643687362,1
NLD_GXXXXX,Natural_gas,Pyrolysis,2045,17599.01599,257569.757,1.64369282,1
NLD_GXXXXX,Natural_gas,Pyrolysis,2050,17599.01599,257569.757,1.643698276,1
NOR_GXXXXX,Natural_gas,SMR_CCS,2020,13065.59488,249684.9685,1.986568999,1
NOR_GXXXXX,Natural_gas,SMR_CCS,2025,13065.59488,249684.9685,1.891732366,1
NOR_GXXXXX,Natural_gas,SMR_CCS,2030,13065.59488,249684.9685,1.796906597,1
NOR_GXXXXX,Natural_gas,SMR_CCS,2035,13065.59488,249684.9685,1.788511587,1
NOR_GXXXXX,Natural_gas,SMR_CCS,2040,13065.59488,249684.9685,1.780116377,1
NOR_GXXXXX,Natural_gas,SMR_CCS,2045,13065.59488,249684.9685,1.771720966,1
NOR_GXXXXX,Natural_gas,SMR_CCS,2050,13065.59488,249684.9685,1.763325354,1
NOR_GXXXXX,Natural_gas,ATR_CCS,2020,11650.7301,249684.9685,1.489069567,1
NOR_GXXXXX,Natural_gas,ATR_CCS,2025,11650.7301,249684.9685,1.43062879,1
NOR_GXXXXX,Natural_gas,ATR_CCS,2030,11650.7301,249684.9685,1.37219371,1
NOR_GXXXXX,Natural_gas,ATR_CCS,2035,11650.7301,249684.9685,1.365326702,1
NOR_GXXXXX,Natural_gas,ATR_CCS,2040,11650.7301,249684.9685,1.358459477,1
NOR_GXXXXX,Natural_gas,ATR_CCS,2045,11650.7301,249684.9685,1.351592034,1
NOR_GXXXXX,Natural_gas,ATR_CCS,2050,11650.7301,249684.9685,1.344724373,1
NOR_GXXXXX,Natural_gas,GHR_CCS,2020,11151.45993,249684.9685,1.449179382,1
NOR_GXXXXX,Natural_gas,GHR_CCS,2025,10763.96748,249684.9685,1.359859568,1
NOR_GXXXXX,Natural_gas,GHR_CCS,2030,10402.5,249684.9685,1.272889162,1
NOR_GXXXXX,Natural_gas,GHR_CCS,2035,10402.5,249684.9685,1.265531699,1
NOR_GXXXXX,Natural_gas,GHR_CCS,2040,10402.5,249684.9685,1.258174002,1
NOR_GXXXXX,Natural_gas,GHR_CCS,2045,10402.5,249684.9685,1.250816071,1
NOR_GXXXXX,Natural_gas,GHR_CCS,2050,10402.5,249684.9685,1.243457908,1
NOR_GXXXXX,Natural_gas,Pyrolysis,2020,17599.01599,257569.757,1.691649542,1
NOR_GXXXXX,Natural_gas,Pyrolysis,2025,17599.01599,257569.757,1.661263019,1
NOR_GXXXXX,Natural_gas,Pyrolysis,2030,17599.01599,257569.757,1.630881871,1
NOR_GXXXXX,Natural_gas,Pyrolysis,2035,17599.01599,257569.757,1.630885195,1
NOR_GXXXXX,Natural_gas,Pyrolysis,2040,17599.01599,257569.757,1.630888517,1
NOR_GXXXXX,Natural_gas,Pyrolysis,2045,17599.01599,257569.757,1.630891838,1
NOR_GXXXXX,Natural_gas,Pyrolysis,2050,17599.01599,257569.757,1.630895159,1
OMN_GXXXXX,Natural_gas,SMR_CCS,2020,13065.59488,249684.9685,2.049406628,1
OMN_GXXXXX,Natural_gas,SMR_CCS,2025,13065.59488,249684.9685,1.948458003,1
OMN_GXXXXX,Natural_gas,SMR_CCS,2030,13065.59488,249684.9685,1.847535687,1
OMN_GXXXXX,Natural_gas,SMR_CCS,2035,13065.59488,249684.9685,1.838265284,1
OMN_GXXXXX,Natural_gas,SMR_CCS,2040,13065.59488,249684.9685,1.828998588,1
OMN_GXXXXX,Natural_gas,SMR_CCS,2045,13065.59488,249684.9685,1.819735599,1
OMN_GXXXXX,Natural_gas,SMR_CCS,2050,13065.59488,249684.9685,1.810476314,1
OMN_GXXXXX,Natural_gas,ATR_CCS,2020,11650.7301,249684.9685,1.521930139,1
OMN_GXXXXX,Natural_gas,ATR_CCS,2025,11650.7301,249684.9685,1.460351632,1
OMN_GXXXXX,Natural_gas,ATR_CCS,2030,11650.7301,249684.9685,1.398786597,1
OMN_GXXXXX,Natural_gas,ATR_CCS,2035,11650.7301,249684.9685,1.391038815,1
OMN_GXXXXX,Natural_gas,ATR_CCS,2040,11650.7301,249684.9685,1.38329505,1
OMN_GXXXXX,Natural_gas,ATR_CCS,2045,11650.7301,249684.9685,1.3755553,1
OMN_GXXXXX,Natural_gas,ATR_CCS,2050,11650.7301,249684.9685,1.367819562,1
OMN_GXXXXX,Natural_gas,GHR_CCS,2020,11151.45993,249684.9685,1.48327224,1
OMN_GXXXXX,Natural_gas,GHR_CCS,2025,10763.96748,249684.9685,1.391149312,1
OMN_GXXXXX,Natural_gas,GHR_CCS,2030,10402.5,249684.9685,1.301381524,1
OMN_GXXXXX,Natural_gas,GHR_CCS,2035,10402.5,249684.9685,1.293080378,1
OMN_GXXXXX,Natural_gas,GHR_CCS,2040,10402.5,249684.9685,1.284783537,1
OMN_GXXXXX,Natural_gas,GHR_CCS,2045,10402.5,249684.9685,1.276490997,1
OMN_GXXXXX,Natural_gas,GHR_CCS,2050,10402.5,249684.9685,1.268202756,1
OMN_GXXXXX,Natural_gas,Pyrolysis,2020,17599.01599,257569.757,1.722942063,1
OMN_GXXXXX,Natural_gas,Pyrolysis,2025,17599.01599,257569.757,1.689360711,1
OMN_GXXXXX,Natural_gas,Pyrolysis,2030,17599.01599,257569.757,1.655793192,1
OMN_GXXXXX,Natural_gas,Pyrolysis,2035,17599.01599,257569.757,1.655732137,1
OMN_GXXXXX,Natural_gas,Pyrolysis,2040,17599.01599,257569.757,1.655671107,1
OMN_GXXXXX,Natural_gas,Pyrolysis,2045,17599.01599,257569.757,1.6556101,1
OMN_GXXXXX,Natural_gas,Pyrolysis,2050,17599.01599,257569.757,1.655549116,1
PAK_GXXXXX,Natural_gas,SMR_CCS,2020,13065.59488,249684.9685,2.095845348,1
PAK_GXXXXX,Natural_gas,SMR_CCS,2025,13065.59488,249684.9685,1.990165476,1
PAK_GXXXXX,Natural_gas,SMR_CCS,2030,13065.59488,249684.9685,1.884507717,1
PAK_GXXXXX,Natural_gas,SMR_CCS,2035,13065.59488,249684.9685,1.874348373,1
PAK_GXXXXX,Natural_gas,SMR_CCS,2040,13065.59488,249684.9685,1.864203258,1
PAK_GXXXXX,Natural_gas,SMR_CCS,2045,13065.59488,249684.9685,1.854072359,1
PAK_GXXXXX,Natural_gas,SMR_CCS,2050,13065.59488,249684.9685,1.843955664,1
PAK_GXXXXX,Natural_gas,ATR_CCS,2020,11650.7301,249684.9685,1.546214998,1
PAK_GXXXXX,Natural_gas,ATR_CCS,2025,11650.7301,249684.9685,1.482205325,1
PAK_GXXXXX,Natural_gas,ATR_CCS,2030,11650.7301,249684.9685,1.418206125,1
PAK_GXXXXX,Natural_gas,ATR_CCS,2035,11650.7301,249684.9685,1.409686122,1
PAK_GXXXXX,Natural_gas,ATR_CCS,2040,11650.7301,249684.9685,1.401181477,1
PAK_GXXXXX,Natural_gas,ATR_CCS,2045,11650.7301,249684.9685,1.392692178,1
PAK_GXXXXX,Natural_gas,ATR_CCS,2050,11650.7301,249684.9685,1.384218209,1
PAK_GXXXXX,Natural_gas,GHR_CCS,2020,11151.45993,249684.9685,1.50846779,1
PAK_GXXXXX,Natural_gas,GHR_CCS,2025,10763.96748,249684.9685,1.414155067,1
PAK_GXXXXX,Natural_gas,GHR_CCS,2030,10402.5,249684.9685,1.322188148,1
PAK_GXXXXX,Natural_gas,GHR_CCS,2035,10402.5,249684.9685,1.313059626,1
PAK_GXXXXX,Natural_gas,GHR_CCS,2040,10402.5,249684.9685,1.303947561,1
PAK_GXXXXX,Natural_gas,GHR_CCS,2045,10402.5,249684.9685,1.294851936,1
PAK_GXXXXX,Natural_gas,GHR_CCS,2050,10402.5,249684.9685,1.285772737,1
PAK_GXXXXX,Natural_gas,Pyrolysis,2020,17599.01599,257569.757,1.746046862,1
PAK_GXXXXX,Natural_gas,Pyrolysis,2025,17599.01599,257569.757,1.710000536,1
PAK_GXXXXX,Natural_gas,Pyrolysis,2030,17599.01599,257569.757,1.67396803,1
PAK_GXXXXX,Natural_gas,Pyrolysis,2035,17599.01599,257569.757,1.673735423,1
PAK_GXXXXX,Natural_gas,Pyrolysis,2040,17599.01599,257569.757,1.673502957,1
PAK_GXXXXX,Natural_gas,Pyrolysis,2045,17599.01599,257569.757,1.673270632,1
PAK_GXXXXX,Natural_gas,Pyrolysis,2050,17599.01599,257569.757,1.673038447,1
PER_GXXXXX,Natural_gas,SMR_CCS,2020,13065.59488,249684.9685,2.056038311,1
PER_GXXXXX,Natural_gas,SMR_CCS,2025,13065.59488,249684.9685,1.954557504,1
PER_GXXXXX,Natural_gas,SMR_CCS,2030,13065.59488,249684.9685,1.853081366,1
PER_GXXXXX,Natural_gas,SMR_CCS,2035,13065.59488,249684.9685,1.84381551,1
PER_GXXXXX,Natural_gas,SMR_CCS,2040,13065.59488,249684.9685,1.834550745,1
PER_GXXXXX,Natural_gas,SMR_CCS,2045,13065.59488,249684.9685,1.825287068,1
PER_GXXXXX,Natural_gas,SMR_CCS,2050,13065.59488,249684.9685,1.816024481,1
PER_GXXXXX,Natural_gas,ATR_CCS,2020,11650.7301,249684.9685,1.525398139,1
PER_GXXXXX,Natural_gas,ATR_CCS,2025,11650.7301,249684.9685,1.463547621,1
PER_GXXXXX,Natural_gas,ATR_CCS,2030,11650.7301,249684.9685,1.40169946,1
PER_GXXXXX,Natural_gas,ATR_CCS,2035,11650.7301,249684.9685,1.393907105,1
PER_GXXXXX,Natural_gas,ATR_CCS,2040,11650.7301,249684.9685,1.386115932,1
PER_GXXXXX,Natural_gas,ATR_CCS,2045,11650.7301,249684.9685,1.378325941,1
PER_GXXXXX,Natural_gas,ATR_CCS,2050,11650.7301,249684.9685,1.370537131,1
PER_GXXXXX,Natural_gas,GHR_CCS,2020,11151.45993,249684.9685,1.486870291,1
PER_GXXXXX,Natural_gas,GHR_CCS,2025,10763.96748,249684.9685,1.394513784,1
PER_GXXXXX,Natural_gas,GHR_CCS,2030,10402.5,249684.9685,1.304502447,1
PER_GXXXXX,Natural_gas,GHR_CCS,2035,10402.5,249684.9685,1.296153545,1
PER_GXXXXX,Natural_gas,GHR_CCS,2040,10402.5,249684.9685,1.28780591,1
PER_GXXXXX,Natural_gas,GHR_CCS,2045,10402.5,249684.9685,1.279459541,1
PER_GXXXXX,Natural_gas,GHR_CCS,2050,10402.5,249684.9685,1.271114438,1
PER_GXXXXX,Natural_gas,Pyrolysis,2020,17599.01599,257569.757,1.726241989,1
PER_GXXXXX,Natural_gas,Pyrolysis,2025,17599.01599,257569.757,1.692379586,1
PER_GXXXXX,Natural_gas,Pyrolysis,2030,17599.01599,257569.757,1.658519723,1
PER_GXXXXX,Natural_gas,Pyrolysis,2035,17599.01599,257569.757,1.65850174,1
PER_GXXXXX,Natural_gas,Pyrolysis,2040,17599.01599,257569.757,1.658483761,1
PER_GXXXXX,Natural_gas,Pyrolysis,2045,17599.01599,257569.757,1.658465789,1
PER_GXXXXX,Natural_gas,Pyrolysis,2050,17599.01599,257569.757,1.658447823,1
POL_GXXXXX,Natural_gas,SMR_CCS,2020,13065.59488,249684.9685,2.017154449,1
POL_GXXXXX,Natural_gas,SMR_CCS,2025,13065.59488,249684.9685,1.919486459,1
POL_GXXXXX,Natural_gas,SMR_CCS,2030,13065.59488,249684.9685,1.821817076,1
POL_GXXXXX,Natural_gas,SMR_CCS,2035,13065.59488,249684.9685,1.813128854,1
POL_GXXXXX,Natural_gas,SMR_CCS,2040,13065.59488,249684.9685,1.8044382,1
POL_GXXXXX,Natural_gas,SMR_CCS,2045,13065.59488,249684.9685,1.795745115,1
POL_GXXXXX,Natural_gas,SMR_CCS,2050,13065.59488,249684.9685,1.787049598,1
POL_GXXXXX,Natural_gas,ATR_CCS,2020,11650.7301,249684.9685,1.50506405,1
POL_GXXXXX,Natural_gas,ATR_CCS,2025,11650.7301,249684.9685,1.445171254,1
POL_GXXXXX,Natural_gas,ATR_CCS,2030,11650.7301,249684.9685,1.385277918,1
POL_GXXXXX,Natural_gas,ATR_CCS,2035,11650.7301,249684.9685,1.37804861,1
POL_GXXXXX,Natural_gas,ATR_CCS,2040,11650.7301,249684.9685,1.37081666,1
POL_GXXXXX,Natural_gas,ATR_CCS,2045,11650.7301,249684.9685,1.363582067,1
POL_GXXXXX,Natural_gas,ATR_CCS,2050,11650.7301,249684.9685,1.356344834,1
POL_GXXXXX,Natural_gas,GHR_CCS,2020,11151.45993,249684.9685,1.465773665,1
POL_GXXXXX,Natural_gas,GHR_CCS,2025,10763.96748,249684.9685,1.375168668,1
POL_GXXXXX,Natural_gas,GHR_CCS,2030,10402.5,249684.9685,1.286907948,1
POL_GXXXXX,Natural_gas,GHR_CCS,2035,10402.5,249684.9685,1.279162308,1
POL_GXXXXX,Natural_gas,GHR_CCS,2040,10402.5,249684.9685,1.271413837,1
POL_GXXXXX,Natural_gas,GHR_CCS,2045,10402.5,249684.9685,1.263662535,1
POL_GXXXXX,Natural_gas,GHR_CCS,2050,10402.5,249684.9685,1.255908404,1
POL_GXXXXX,Natural_gas,Pyrolysis,2020,17599.01599,257569.757,1.70688787,1
POL_GXXXXX,Natural_gas,Pyrolysis,2025,17599.01599,257569.757,1.675016689,1
POL_GXXXXX,Natural_gas,Pyrolysis,2030,17599.01599,257569.757,1.643144327,1
POL_GXXXXX,Natural_gas,Pyrolysis,2035,17599.01599,257569.757,1.643184615,1
POL_GXXXXX,Natural_gas,Pyrolysis,2040,17599.01599,257569.757,1.643224894,1
POL_GXXXXX,Natural_gas,Pyrolysis,2045,17599.01599,257569.757,1.643265163,1
POL_GXXXXX,Natural_gas,Pyrolysis,2050,17599.01599,257569.757,1.643305423,1
QAT_GXXXXX,Natural_gas,SMR_CCS,2020,13065.59488,249684.9685,2.056038311,1
QAT_GXXXXX,Natural_gas,SMR_CCS,2025,13065.59488,249684.9685,1.954553342,1
QAT_GXXXXX,Natural_gas,SMR_CCS,2030,13065.59488,249684.9685,1.853038339,1
QAT_GXXXXX,Natural_gas,SMR_CCS,2035,13065.59488,249684.9685,1.84373441,1
QAT_GXXXXX,Natural_gas,SMR_CCS,2040,13065.59488,249684.9685,1.834432743,1
QAT_GXXXXX,Natural_gas,SMR_CCS,2045,13065.59488,249684.9685,1.825133339,1
QAT_GXXXXX,Natural_gas,SMR_CCS,2050,13065.59488,249684.9685,1.815836194,1
QAT_GXXXXX,Natural_gas,ATR_CCS,2020,11650.7301,249684.9685,1.525398139,1
QAT_GXXXXX,Natural_gas,ATR_CCS,2025,11650.7301,249684.9685,1.463545441,1
QAT_GXXXXX,Natural_gas,ATR_CCS,2030,11650.7301,249684.9685,1.401676861,1
QAT_GXXXXX,Natural_gas,ATR_CCS,2035,11650.7301,249684.9685,1.393865194,1
QAT_GXXXXX,Natural_gas,ATR_CCS,2040,11650.7301,249684.9685,1.38605598,1
QAT_GXXXXX,Natural_gas,ATR_CCS,2045,11650.7301,249684.9685,1.378249217,1
QAT_GXXXXX,Natural_gas,ATR_CCS,2050,11650.7301,249684.9685,1.370444905,1
QAT_GXXXXX,Natural_gas,GHR_CCS,2020,11151.45993,249684.9685,1.486870291,1
QAT_GXXXXX,Natural_gas,GHR_CCS,2025,10763.96748,249684.9685,1.394511488,1
QAT_GXXXXX,Natural_gas,GHR_CCS,2030,10402.5,249684.9685,1.304478233,1
QAT_GXXXXX,Natural_gas,GHR_CCS,2035,10402.5,249684.9685,1.29610864,1
QAT_GXXXXX,Natural_gas,GHR_CCS,2040,10402.5,249684.9685,1.287741675,1
QAT_GXXXXX,Natural_gas,GHR_CCS,2045,10402.5,249684.9685,1.279377337,1
QAT_GXXXXX,Natural_gas,GHR_CCS,2050,10402.5,249684.9685,1.271015624,1
QAT_GXXXXX,Natural_gas,Pyrolysis,2020,17599.01599,257569.757,1.726241989,1
QAT_GXXXXX,Natural_gas,Pyrolysis,2025,17599.01599,257569.757,1.692377526,1
QAT_GXXXXX,Natural_gas,Pyrolysis,2030,17599.01599,257569.757,1.65849857,1
QAT_GXXXXX,Natural_gas,Pyrolysis,2035,17599.01599,257569.757,1.658461272,1
QAT_GXXXXX,Natural_gas,Pyrolysis,2040,17599.01599,257569.757,1.658423986,1
QAT_GXXXXX,Natural_gas,Pyrolysis,2045,17599.01599,257569.757,1.658386714,1
QAT_GXXXXX,Natural_gas,Pyrolysis,2050,17599.01599,257569.757,1.658349454,1
ROU_GXXXXX,Natural_gas,SMR_CCS,2020,13065.59488,249684.9685,2.032693037,1
ROU_GXXXXX,Natural_gas,SMR_CCS,2025,13065.59488,249684.9685,1.933515867,1
ROU_GXXXXX,Natural_gas,SMR_CCS,2030,13065.59488,249684.9685,1.834317037,1
ROU_GXXXXX,Natural_gas,SMR_CCS,2035,13065.59488,249684.9685,1.825391303,1
ROU_GXXXXX,Natural_gas,SMR_CCS,2040,13065.59488,249684.9685,1.81646474,1
ROU_GXXXXX,Natural_gas,SMR_CCS,2045,13065.59488,249684.9685,1.807537349,1
ROU_GXXXXX,Natural_gas,SMR_CCS,2050,13065.59488,249684.9685,1.798609129,1
ROU_GXXXXX,Natural_gas,ATR_CCS,2020,11650.7301,249684.9685,1.513189864,1
ROU_GXXXXX,Natural_gas,ATR_CCS,2025,11650.7301,249684.9685,1.452522319,1
ROU_GXXXXX,Natural_gas,ATR_CCS,2030,11650.7301,249684.9685,1.391843512,1
ROU_GXXXXX,Natural_gas,ATR_CCS,2035,11650.7301,249684.9685,1.384385696,1
ROU_GXXXXX,Natural_gas,ATR_CCS,2040,11650.7301,249684.9685,1.376926981,1
ROU_GXXXXX,Natural_gas,ATR_CCS,2045,11650.7301,249684.9685,1.369467366,1
ROU_GXXXXX,Natural_gas,ATR_CCS,2050,11650.7301,249684.9685,1.362006852,1
ROU_GXXXXX,Natural_gas,GHR_CCS,2020,11151.45993,249684.9685,1.474204201,1
ROU_GXXXXX,Natural_gas,GHR_CCS,2025,10763.96748,249684.9685,1.38290726,1
ROU_GXXXXX,Natural_gas,GHR_CCS,2030,10402.5,249684.9685,1.293942509,1
ROU_GXXXXX,Natural_gas,GHR_CCS,2035,10402.5,249684.9685,1.28595204,1
ROU_GXXXXX,Natural_gas,GHR_CCS,2040,10402.5,249684.9685,1.277960607,1
ROU_GXXXXX,Natural_gas,GHR_CCS,2045,10402.5,249684.9685,1.269968211,1
ROU_GXXXXX,Natural_gas,GHR_CCS,2050,10402.5,249684.9685,1.261974852,1
ROU_GXXXXX,Natural_gas,Pyrolysis,2020,17599.01599,257569.757,1.714623893,1
ROU_GXXXXX,Natural_gas,Pyrolysis,2025,17599.01599,257569.757,1.681963964,1
ROU_GXXXXX,Natural_gas,Pyrolysis,2030,17599.01599,257569.757,1.649293089,1
ROU_GXXXXX,Natural_gas,Pyrolysis,2035,17599.01599,257569.757,1.64930679,1
ROU_GXXXXX,Natural_gas,Pyrolysis,2040,17599.01599,257569.757,1.649320487,1
ROU_GXXXXX,Natural_gas,Pyrolysis,2045,17599.01599,257569.757,1.64933418,1
ROU_GXXXXX,Natural_gas,Pyrolysis,2050,17599.01599,257569.757,1.64934787,1
RUS_GXXXXX,Natural_gas,SMR_CCS,2020,13065.59488,249684.9685,2.008206148,1
RUS_GXXXXX,Natural_gas,SMR_CCS,2025,13065.59488,249684.9685,1.911129946,1
RUS_GXXXXX,Natural_gas,SMR_CCS,2030,13065.59488,249684.9685,1.814097307,1
RUS_GXXXXX,Natural_gas,SMR_CCS,2035,13065.59488,249684.9685,1.805284479,1
RUS_GXXXXX,Natural_gas,SMR_CCS,2040,13065.59488,249684.9685,1.796476438,1
RUS_GXXXXX,Natural_gas,SMR_CCS,2045,13065.59488,249684.9685,1.787673182,1
RUS_GXXXXX,Natural_gas,SMR_CCS,2050,13065.59488,249684.9685,1.778874707,1
RUS_GXXXXX,Natural_gas,ATR_CCS,2020,11650.7301,249684.9685,1.500384588,1
RUS_GXXXXX,Natural_gas,ATR_CCS,2025,11650.7301,249684.9685,1.440792646,1
RUS_GXXXXX,Natural_gas,ATR_CCS,2030,11650.7301,249684.9685,1.381223116,1
RUS_GXXXXX,Natural_gas,ATR_CCS,2035,11650.7301,249684.9685,1.373994731,1
RUS_GXXXXX,Natural_gas,ATR_CCS,2040,11650.7301,249684.9685,1.366771529,1
RUS_GXXXXX,Natural_gas,ATR_CCS,2045,11650.7301,249684.9685,1.359553506,1
RUS_GXXXXX,Natural_gas,ATR_CCS,2050,11650.7301,249684.9685,1.35234066,1
RUS_GXXXXX,Natural_gas,GHR_CCS,2020,11151.45993,249684.9685,1.460918721,1
RUS_GXXXXX,Natural_gas,GHR_CCS,2025,10763.96748,249684.9685,1.370559233,1
RUS_GXXXXX,Natural_gas,GHR_CCS,2030,10402.5,249684.9685,1.28256352,1
RUS_GXXXXX,Natural_gas,GHR_CCS,2035,10402.5,249684.9685,1.274818868,1
RUS_GXXXXX,Natural_gas,GHR_CCS,2040,10402.5,249684.9685,1.267079769,1
RUS_GXXXXX,Natural_gas,GHR_CCS,2045,10402.5,249684.9685,1.25934622,1
RUS_GXXXXX,Natural_gas,GHR_CCS,2050,10402.5,249684.9685,1.251618216,1
RUS_GXXXXX,Natural_gas,Pyrolysis,2020,17599.01599,257569.757,1.702431365,1
RUS_GXXXXX,Natural_gas,Pyrolysis,2025,17599.01599,257569.757,1.670877174,1
RUS_GXXXXX,Natural_gas,Pyrolysis,2030,17599.01599,257569.757,1.639345635,1
RUS_GXXXXX,Natural_gas,Pyrolysis,2035,17599.01599,257569.757,1.639266843,1
RUS_GXXXXX,Natural_gas,Pyrolysis,2040,17599.01599,257569.757,1.639188085,1
RUS_GXXXXX,Natural_gas,Pyrolysis,2045,17599.01599,257569.757,1.63910936,1
RUS_GXXXXX,Natural_gas,Pyrolysis,2050,17599.01599,257569.757,1.639030669,1
SAU_GXXXXX,Natural_gas,SMR_CCS,2020,13065.59488,249684.9685,2.041281222,1
SAU_GXXXXX,Natural_gas,SMR_CCS,2025,13065.59488,249684.9685,1.940739676,1
SAU_GXXXXX,Natural_gas,SMR_CCS,2030,13065.59488,249684.9685,1.840198415,1
SAU_GXXXXX,Natural_gas,SMR_CCS,2035,13065.59488,249684.9685,1.830612232,1
SAU_GXXXXX,Natural_gas,SMR_CCS,2040,13065.59488,249684.9685,1.821042788,1
SAU_GXXXXX,Natural_gas,SMR_CCS,2045,13065.59488,249684.9685,1.811490067,1
SAU_GXXXXX,Natural_gas,SMR_CCS,2050,13065.59488,249684.9685,1.801954049,1
SAU_GXXXXX,Natural_gas,ATR_CCS,2020,11650.7301,249684.9685,1.517681005,1
SAU_GXXXXX,Natural_gas,ATR_CCS,2025,11650.7301,249684.9685,1.456307418,1
SAU_GXXXXX,Natural_gas,ATR_CCS,2030,11650.7301,249684.9685,1.394932701,1
SAU_GXXXXX,Natural_gas,ATR_CCS,2035,11650.7301,249684.9685,1.38708381,1
SAU_GXXXXX,Natural_gas,ATR_CCS,2040,11650.7301,249684.9685,1.379252949,1
SAU_GXXXXX,Natural_gas,ATR_CCS,2045,11650.7301,249684.9685,1.371440098,1
SAU_GXXXXX,Natural_gas,ATR_CCS,2050,11650.7301,249684.9685,1.36364524,1
SAU_GXXXXX,Natural_gas,GHR_CCS,2020,11151.45993,249684.9685,1.478863762,1
SAU_GXXXXX,Natural_gas,GHR_CCS,2025,10763.96748,249684.9685,1.386891899,1
SAU_GXXXXX,Natural_gas,GHR_CCS,2030,10402.5,249684.9685,1.297252352,1
SAU_GXXXXX,Natural_gas,GHR_CCS,2035,10402.5,249684.9685,1.288842874,1
SAU_GXXXXX,Natural_gas,GHR_CCS,2040,10402.5,249684.9685,1.280452715,1
SAU_GXXXXX,Natural_gas,GHR_CCS,2045,10402.5,249684.9685,1.272081853,1
SAU_GXXXXX,Natural_gas,GHR_CCS,2050,10402.5,249684.9685,1.263730267,1
SAU_GXXXXX,Natural_gas,Pyrolysis,2020,17599.01599,257569.757,1.718898441,1
SAU_GXXXXX,Natural_gas,Pyrolysis,2025,17599.01599,257569.757,1.685540206,1
SAU_GXXXXX,Natural_gas,Pyrolysis,2030,17599.01599,257569.757,1.652185413,1
SAU_GXXXXX,Natural_gas,Pyrolysis,2035,17599.01599,257569.757,1.651912755,1
SAU_GXXXXX,Natural_gas,Pyrolysis,2040,17599.01599,257569.757,1.651640291,1
SAU_GXXXXX,Natural_gas,Pyrolysis,2045,17599.01599,257569.757,1.651368023,1
SAU_GXXXXX,Natural_gas,Pyrolysis,2050,17599.01599,257569.757,1.651095949,1
SYR_GXXXXX,Natural_gas,SMR_CCS,2020,13065.59488,249684.9685,2.197544608,1
SYR_GXXXXX,Natural_gas,SMR_CCS,2025,13065.59488,249684.9685,2.08274026,1
SYR_GXXXXX,Natural_gas,SMR_CCS,2030,13065.59488,249684.9685,1.96788986,1
SYR_GXXXXX,Natural_gas,SMR_CCS,2035,13065.59488,249684.9685,1.957035968,1
SYR_GXXXXX,Natural_gas,SMR_CCS,2040,13065.59488,249684.9685,1.946180009,1
SYR_GXXXXX,Natural_gas,SMR_CCS,2045,13065.59488,249684.9685,1.935321983,1
SYR_GXXXXX,Natural_gas,SMR_CCS,2050,13065.59488,249684.9685,1.924461891,1
SYR_GXXXXX,Natural_gas,ATR_CCS,2020,11650.7301,249684.9685,1.599398034,1
SYR_GXXXXX,Natural_gas,ATR_CCS,2025,11650.7301,249684.9685,1.530712242,1
SYR_GXXXXX,Natural_gas,ATR_CCS,2030,11650.7301,249684.9685,1.462002527,1
SYR_GXXXXX,Natural_gas,ATR_CCS,2035,11650.7301,249684.9685,1.452418078,1
SYR_GXXXXX,Natural_gas,ATR_CCS,2040,11650.7301,249684.9685,1.442831384,1
SYR_GXXXXX,Natural_gas,ATR_CCS,2045,11650.7301,249684.9685,1.433242447,1
SYR_GXXXXX,Natural_gas,ATR_CCS,2050,11650.7301,249684.9685,1.423651267,1
SYR_GXXXXX,Natural_gas,GHR_CCS,2020,11151.45993,249684.9685,1.563645213,1
SYR_GXXXXX,Natural_gas,GHR_CCS,2025,10763.96748,249684.9685,1.465219125,1
SYR_GXXXXX,Natural_gas,GHR_CCS,2030,10402.5,249684.9685,1.369112834,1
SYR_GXXXXX,Natural_gas,GHR_CCS,2035,10402.5,249684.9685,1.358843844,1
SYR_GXXXXX,Natural_gas,GHR_CCS,2040,10402.5,249684.9685,1.348572449,1
SYR_GXXXXX,Natural_gas,GHR_CCS,2045,10402.5,249684.9685,1.33829865,1
SYR_GXXXXX,Natural_gas,GHR_CCS,2050,10402.5,249684.9685,1.328022448,1
SYR_GXXXXX,Natural_gas,Pyrolysis,2020,17599.01599,257569.757,1.796677528,1
SYR_GXXXXX,Natural_gas,Pyrolysis,2025,17599.01599,257569.757,1.755841886,1
SYR_GXXXXX,Natural_gas,Pyrolysis,2030,17599.01599,257569.757,1.714982877,1
SYR_GXXXXX,Natural_gas,Pyrolysis,2035,17599.01599,257569.757,1.715017108,1
SYR_GXXXXX,Natural_gas,Pyrolysis,2040,17599.01599,257569.757,1.715051331,1
SYR_GXXXXX,Natural_gas,Pyrolysis,2045,17599.01599,257569.757,1.715085545,1
SYR_GXXXXX,Natural_gas,Pyrolysis,2050,17599.01599,257569.757,1.71511975,1
THA_GXXXXX,Natural_gas,SMR_CCS,2020,13065.59488,249684.9685,1.998821153,1
THA_GXXXXX,Natural_gas,SMR_CCS,2025,13065.59488,249684.9685,1.902314604,1
THA_GXXXXX,Natural_gas,SMR_CCS,2030,13065.59488,249684.9685,1.805956443,1
THA_GXXXXX,Natural_gas,SMR_CCS,2035,13065.59488,249684.9685,1.797014966,1
THA_GXXXXX,Natural_gas,SMR_CCS,2040,13065.59488,249684.9685,1.788085917,1
THA_GXXXXX,Natural_gas,SMR_CCS,2045,13065.59488,249684.9685,1.779169285,1
THA_GXXXXX,Natural_gas,SMR_CCS,2050,13065.59488,249684.9685,1.770265056,1
THA_GXXXXX,Natural_gas,ATR_CCS,2020,11650.7301,249684.9685,1.495476759,1
THA_GXXXXX,Natural_gas,ATR_CCS,2025,11650.7301,249684.9685,1.436173623,1
THA_GXXXXX,Natural_gas,ATR_CCS,2030,11650.7301,249684.9685,1.376947134,1
THA_GXXXXX,Natural_gas,ATR_CCS,2035,11650.7301,249684.9685,1.369721146,1
THA_GXXXXX,Natural_gas,ATR_CCS,2040,11650.7301,249684.9685,1.362508559,1
THA_GXXXXX,Natural_gas,ATR_CCS,2045,11650.7301,249684.9685,1.35530936,1
THA_GXXXXX,Natural_gas,ATR_CCS,2050,11650.7301,249684.9685,1.348123535,1
THA_GXXXXX,Natural_gas,GHR_CCS,2020,11151.45993,249684.9685,1.455826847,1
THA_GXXXXX,Natural_gas,GHR_CCS,2025,10763.96748,249684.9685,1.365696709,1
THA_GXXXXX,Natural_gas,GHR_CCS,2030,10402.5,249684.9685,1.277982114,1
THA_GXXXXX,Natural_gas,GHR_CCS,2035,10402.5,249684.9685,1.270240029,1
THA_GXXXXX,Natural_gas,GHR_CCS,2040,10402.5,249684.9685,1.262512303,1
THA_GXXXXX,Natural_gas,GHR_CCS,2045,10402.5,249684.9685,1.25479892,1
THA_GXXXXX,Natural_gas,GHR_CCS,2050,10402.5,249684.9685,1.247099867,1
THA_GXXXXX,Natural_gas,Pyrolysis,2020,17599.01599,257569.757,1.697755933,1
THA_GXXXXX,Natural_gas,Pyrolysis,2025,17599.01599,257569.757,1.666508972,1
THA_GXXXXX,Natural_gas,Pyrolysis,2030,17599.01599,257569.757,1.635338405,1
THA_GXXXXX,Natural_gas,Pyrolysis,2035,17599.01599,257569.757,1.635135325,1
THA_GXXXXX,Natural_gas,Pyrolysis,2040,17599.01599,257569.757,1.634932377,1
THA_GXXXXX,Natural_gas,Pyrolysis,2045,17599.01599,257569.757,1.634729559,1
THA_GXXXXX,Natural_gas,Pyrolysis,2050,17599.01599,257569.757,1.634526872,1
TTO_GXXXXX,Natural_gas,SMR_CCS,2020,13065.59488,249684.9685,2.094278075,1
TTO_GXXXXX,Natural_gas,SMR_CCS,2025,13065.59488,249684.9685,1.989259527,1
TTO_GXXXXX,Natural_gas,SMR_CCS,2030,13065.59488,249684.9685,1.88421939,1
TTO_GXXXXX,Natural_gas,SMR_CCS,2035,13065.59488,249684.9685,1.87457865,1
TTO_GXXXXX,Natural_gas,SMR_CCS,2040,13065.59488,249684.9685,1.864936457,1
TTO_GXXXXX,Natural_gas,SMR_CCS,2045,13065.59488,249684.9685,1.855292811,1
TTO_GXXXXX,Natural_gas,SMR_CCS,2050,13065.59488,249684.9685,1.845647714,1
TTO_GXXXXX,Natural_gas,ATR_CCS,2020,11650.7301,249684.9685,1.545395401,1
TTO_GXXXXX,Natural_gas,ATR_CCS,2025,11650.7301,249684.9685,1.48173063,1
TTO_GXXXXX,Natural_gas,ATR_CCS,2030,11650.7301,249684.9685,1.418054682,1
TTO_GXXXXX,Natural_gas,ATR_CCS,2035,11650.7301,249684.9685,1.409805126,1
TTO_GXXXXX,Natural_gas,ATR_CCS,2040,11650.7301,249684.9685,1.401553993,1
TTO_GXXXXX,Natural_gas,ATR_CCS,2045,11650.7301,249684.9685,1.393301284,1
TTO_GXXXXX,Natural_gas,ATR_CCS,2050,11650.7301,249684.9685,1.385046998,1
TTO_GXXXXX,Natural_gas,GHR_CCS,2020,11151.45993,249684.9685,1.507617459,1
TTO_GXXXXX,Natural_gas,GHR_CCS,2025,10763.96748,249684.9685,1.413655348,1
TTO_GXXXXX,Natural_gas,GHR_CCS,2030,10402.5,249684.9685,1.322025887,1
TTO_GXXXXX,Natural_gas,GHR_CCS,2035,10402.5,249684.9685,1.313187131,1
TTO_GXXXXX,Natural_gas,GHR_CCS,2040,10402.5,249684.9685,1.304346685,1
TTO_GXXXXX,Natural_gas,GHR_CCS,2045,10402.5,249684.9685,1.29550455,1
TTO_GXXXXX,Natural_gas,GHR_CCS,2050,10402.5,249684.9685,1.286660726,1
TTO_GXXXXX,Natural_gas,Pyrolysis,2020,17599.01599,257569.757,1.745267127,1
TTO_GXXXXX,Natural_gas,Pyrolysis,2025,17599.01599,257569.757,1.70955223,1
TTO_GXXXXX,Natural_gas,Pyrolysis,2030,17599.01599,257569.757,1.6738263,1
TTO_GXXXXX,Natural_gas,Pyrolysis,2035,17599.01599,257569.757,1.673850312,1
TTO_GXXXXX,Natural_gas,Pyrolysis,2040,17599.01599,257569.757,1.673874317,1
TTO_GXXXXX,Natural_gas,Pyrolysis,2045,17599.01599,257569.757,1.673898316,1
TTO_GXXXXX,Natural_gas,Pyrolysis,2050,17599.01599,257569.757,1.673922308,1
UKR_GXXXXX,Natural_gas,SMR_CCS,2020,13065.59488,249684.9685,2.048388728,1
UKR_GXXXXX,Natural_gas,SMR_CCS,2025,13065.59488,249684.9685,1.947345732,1
UKR_GXXXXX,Natural_gas,SMR_CCS,2030,13065.59488,249684.9685,1.84638419,1
UKR_GXXXXX,Natural_gas,SMR_CCS,2035,13065.59488,249684.9685,1.836976959,1
UKR_GXXXXX,Natural_gas,SMR_CCS,2040,13065.59488,249684.9685,1.82757813,1
UKR_GXXXXX,Natural_gas,SMR_CCS,2045,13065.59488,249684.9685,1.818187696,1
UKR_GXXXXX,Natural_gas,SMR_CCS,2050,13065.59488,249684.9685,1.808805652,1
UKR_GXXXXX,Natural_gas,ATR_CCS,2020,11650.7301,249684.9685,1.521397834,1
UKR_GXXXXX,Natural_gas,ATR_CCS,2025,11650.7301,249684.9685,1.45976883,1
UKR_GXXXXX,Natural_gas,ATR_CCS,2030,11650.7301,249684.9685,1.398181774,1
UKR_GXXXXX,Natural_gas,ATR_CCS,2035,11650.7301,249684.9685,1.390373024,1
UKR_GXXXXX,Natural_gas,ATR_CCS,2040,11650.7301,249684.9685,1.382573358,1
UKR_GXXXXX,Natural_gas,ATR_CCS,2045,11650.7301,249684.9685,1.374782768,1
UKR_GXXXXX,Natural_gas,ATR_CCS,2050,11650.7301,249684.9685,1.367001249,1
UKR_GXXXXX,Natural_gas,GHR_CCS,2020,11151.45993,249684.9685,1.482719973,1
UKR_GXXXXX,Natural_gas,GHR_CCS,2025,10763.96748,249684.9685,1.390535785,1
UKR_GXXXXX,Natural_gas,GHR_CCS,2030,10402.5,249684.9685,1.3007335,1
UKR_GXXXXX,Natural_gas,GHR_CCS,2035,10402.5,249684.9685,1.292367031,1
UKR_GXXXXX,Natural_gas,GHR_CCS,2040,10402.5,249684.9685,1.284010295,1
UKR_GXXXXX,Natural_gas,GHR_CCS,2045,10402.5,249684.9685,1.275663285,1
UKR_GXXXXX,Natural_gas,GHR_CCS,2050,10402.5,249684.9685,1.267325992,1
UKR_GXXXXX,Natural_gas,Pyrolysis,2020,17599.01599,257569.757,1.72243553,1
UKR_GXXXXX,Natural_gas,Pyrolysis,2025,17599.01599,257569.757,1.688810178,1
UKR_GXXXXX,Natural_gas,Pyrolysis,2030,17599.01599,257569.757,1.655227027,1
UKR_GXXXXX,Natural_gas,Pyrolysis,2035,17599.01599,257569.757,1.655089217,1
UKR_GXXXXX,Natural_gas,Pyrolysis,2040,17599.01599,257569.757,1.654951477,1
UKR_GXXXXX,Natural_gas,Pyrolysis,2045,17599.01599,257569.757,1.654813806,1
UKR_GXXXXX,Natural_gas,Pyrolysis,2050,17599.01599,257569.757,1.654676203,1
USA_GXXXXX,Natural_gas,SMR_CCS,2020,13065.59488,249684.9685,1.979756614,1
USA_GXXXXX,Natural_gas,SMR_CCS,2025,13065.59488,249684.9685,1.885617934,1
USA_GXXXXX,Natural_gas,SMR_CCS,2030,13065.59488,249684.9685,1.7914615,1
USA_GXXXXX,Natural_gas,SMR_CCS,2035,13065.59488,249684.9685,1.783172678,1
USA_GXXXXX,Natural_gas,SMR_CCS,2040,13065.59488,249684.9685,1.774882874,1
USA_GXXXXX,Natural_gas,SMR_CCS,2045,13065.59488,249684.9685,1.766592087,1
USA_GXXXXX,Natural_gas,SMR_CCS,2050,13065.59488,249684.9685,1.758300318,1
USA_GXXXXX,Natural_gas,ATR_CCS,2020,11650.7301,249684.9685,1.485507069,1
USA_GXXXXX,Natural_gas,ATR_CCS,2025,11650.7301,249684.9685,1.427424977,1
USA_GXXXXX,Natural_gas,ATR_CCS,2030,11650.7301,249684.9685,1.369333677,1
USA_GXXXXX,Natural_gas,ATR_CCS,2035,11650.7301,249684.9685,1.362567618,1
USA_GXXXXX,Natural_gas,ATR_CCS,2040,11650.7301,249684.9685,1.355800492,1
USA_GXXXXX,Natural_gas,ATR_CCS,2045,11650.7301,249684.9685,1.3490323,1
USA_GXXXXX,Natural_gas,ATR_CCS,2050,11650.7301,249684.9685,1.342263041,1
USA_GXXXXX,Natural_gas,GHR_CCS,2020,11151.45993,249684.9685,1.445483289,1
USA_GXXXXX,Natural_gas,GHR_CCS,2025,10763.96748,249684.9685,1.35648686,1
USA_GXXXXX,Natural_gas,GHR_CCS,2030,10402.5,249684.9685,1.269824843,1
USA_GXXXXX,Natural_gas,GHR_CCS,2035,10402.5,249684.9685,1.262575539,1
USA_GXXXXX,Natural_gas,GHR_CCS,2040,10402.5,249684.9685,1.255325091,1
USA_GXXXXX,Natural_gas,GHR_CCS,2045,10402.5,249684.9685,1.2480735,1
USA_GXXXXX,Natural_gas,GHR_CCS,2050,10402.5,249684.9685,1.240820766,1
USA_GXXXXX,Natural_gas,Pyrolysis,2020,17599.01599,257569.757,1.688252847,1
USA_GXXXXX,Natural_gas,Pyrolysis,2025,17599.01599,257569.757,1.658230645,1
USA_GXXXXX,Natural_gas,Pyrolysis,2030,17599.01599,257569.757,1.628199392,1
USA_GXXXXX,Natural_gas,Pyrolysis,2035,17599.01599,257569.757,1.628215676,1
USA_GXXXXX,Natural_gas,Pyrolysis,2040,17599.01599,257569.757,1.628231955,1
USA_GXXXXX,Natural_gas,Pyrolysis,2045,17599.01599,257569.757,1.62824823,1
USA_GXXXXX,Natural_gas,Pyrolysis,2050,17599.01599,257569.757,1.6282645,1
UZB_GXXXXX,Natural_gas,SMR_CCS,2020,13065.59488,249684.9685,2.049915815,1
UZB_GXXXXX,Natural_gas,SMR_CCS,2025,13065.59488,249684.9685,1.948588805,1
UZB_GXXXXX,Natural_gas,SMR_CCS,2030,13065.59488,249684.9685,1.8473643,1
UZB_GXXXXX,Natural_gas,SMR_CCS,2035,13065.59488,249684.9685,1.83781244,1
UZB_GXXXXX,Natural_gas,SMR_CCS,2040,13065.59488,249684.9685,1.828272983,1
UZB_GXXXXX,Natural_gas,SMR_CCS,2045,13065.59488,249684.9685,1.818745918,1
UZB_GXXXXX,Natural_gas,SMR_CCS,2050,13065.59488,249684.9685,1.809231233,1
UZB_GXXXXX,Natural_gas,ATR_CCS,2020,11650.7301,249684.9685,1.522196416,1
UZB_GXXXXX,Natural_gas,ATR_CCS,2025,11650.7301,249684.9685,1.460420169,1
UZB_GXXXXX,Natural_gas,ATR_CCS,2030,11650.7301,249684.9685,1.398696576,1
UZB_GXXXXX,Natural_gas,ATR_CCS,2035,11650.7301,249684.9685,1.390804791,1
UZB_GXXXXX,Natural_gas,ATR_CCS,2040,11650.7301,249684.9685,1.382926392,1
UZB_GXXXXX,Natural_gas,ATR_CCS,2045,11650.7301,249684.9685,1.375061367,1
UZB_GXXXXX,Natural_gas,ATR_CCS,2050,11650.7301,249684.9685,1.367209705,1
UZB_GXXXXX,Natural_gas,GHR_CCS,2020,11151.45993,249684.9685,1.483548501,1
UZB_GXXXXX,Natural_gas,GHR_CCS,2025,10763.96748,249684.9685,1.391221462,1
UZB_GXXXXX,Natural_gas,GHR_CCS,2030,10402.5,249684.9685,1.301285073,1
UZB_GXXXXX,Natural_gas,GHR_CCS,2035,10402.5,249684.9685,1.292829638,1
UZB_GXXXXX,Natural_gas,GHR_CCS,2040,10402.5,249684.9685,1.284388546,1
UZB_GXXXXX,Natural_gas,GHR_CCS,2045,10402.5,249684.9685,1.275961783,1
UZB_GXXXXX,Natural_gas,GHR_CCS,2050,10402.5,249684.9685,1.267549337,1
UZB_GXXXXX,Natural_gas,Pyrolysis,2020,17599.01599,257569.757,1.723195444,1
UZB_GXXXXX,Natural_gas,Pyrolysis,2025,17599.01599,257569.757,1.689425453,1
UZB_GXXXXX,Natural_gas,Pyrolysis,2030,17599.01599,257569.757,1.655708925,1
UZB_GXXXXX,Natural_gas,Pyrolysis,2035,17599.01599,257569.757,1.655506154,1
UZB_GXXXXX,Natural_gas,Pyrolysis,2040,17599.01599,257569.757,1.655303505,1
UZB_GXXXXX,Natural_gas,Pyrolysis,2045,17599.01599,257569.757,1.655100977,1
UZB_GXXXXX,Natural_gas,Pyrolysis,2050,17599.01599,257569.757,1.65489857,1
VEN_GXXXXX,Natural_gas,SMR_CCS,2020,13065.59488,249684.9685,2.262837057,1
VEN_GXXXXX,Natural_gas,SMR_CCS,2025,13065.59488,249684.9685,2.141913548,1
VEN_GXXXXX,Natural_gas,SMR_CCS,2030,13065.59488,249684.9685,2.020944785,1
VEN_GXXXXX,Natural_gas,SMR_CCS,2035,13065.59488,249684.9685,2.009411783,1
VEN_GXXXXX,Natural_gas,SMR_CCS,2040,13065.59488,249684.9685,1.997873609,1
VEN_GXXXXX,Natural_gas,SMR_CCS,2045,13065.59488,249684.9685,1.986330264,1
VEN_GXXXXX,Natural_gas,SMR_CCS,2050,13065.59488,249684.9685,1.97478175,1
VEN_GXXXXX,Natural_gas,ATR_CCS,2020,11650.7301,249684.9685,1.633542341,1
VEN_GXXXXX,Natural_gas,ATR_CCS,2025,11650.7301,249684.9685,1.561717593,1
VEN_GXXXXX,Natural_gas,ATR_CCS,2030,11650.7301,249684.9685,1.489869582,1
VEN_GXXXXX,Natural_gas,ATR_CCS,2035,11650.7301,249684.9685,1.47948527,1
VEN_GXXXXX,Natural_gas,ATR_CCS,2040,11650.7301,249684.9685,1.469095339,1
VEN_GXXXXX,Natural_gas,ATR_CCS,2045,11650.7301,249684.9685,1.458699791,1
VEN_GXXXXX,Natural_gas,ATR_CCS,2050,11650.7301,249684.9685,1.448298627,1
VEN_GXXXXX,Natural_gas,GHR_CCS,2020,11151.45993,249684.9685,1.599069945,1
VEN_GXXXXX,Natural_gas,GHR_CCS,2025,10763.96748,249684.9685,1.497858988,1
VEN_GXXXXX,Natural_gas,GHR_CCS,2030,10402.5,249684.9685,1.398970374,1
VEN_GXXXXX,Natural_gas,GHR_CCS,2035,10402.5,249684.9685,1.387844393,1
VEN_GXXXXX,Natural_gas,GHR_CCS,2040,10402.5,249684.9685,1.376712392,1
VEN_GXXXXX,Natural_gas,GHR_CCS,2045,10402.5,249684.9685,1.365574372,1
VEN_GXXXXX,Natural_gas,GHR_CCS,2050,10402.5,249684.9685,1.354430336,1
VEN_GXXXXX,Natural_gas,Pyrolysis,2020,17599.01599,257569.757,1.829253236,1
VEN_GXXXXX,Natural_gas,Pyrolysis,2025,17599.01599,257569.757,1.785206806,1
VEN_GXXXXX,Natural_gas,Pyrolysis,2030,17599.01599,257569.757,1.741136732,1
VEN_GXXXXX,Natural_gas,Pyrolysis,2035,17599.01599,257569.757,1.741222661,1
VEN_GXXXXX,Natural_gas,Pyrolysis,2040,17599.01599,257569.757,1.741308572,1
VEN_GXXXXX,Natural_gas,Pyrolysis,2045,17599.01599,257569.757,1.741394463,1
VEN_GXXXXX,Natural_gas,Pyrolysis,2050,17599.01599,257569.757,1.741480336,1
VNM_GXXXXX,Natural_gas,SMR_CCS,2020,13065.59488,249684.9685,2.05042516,1
VNM_GXXXXX,Natural_gas,SMR_CCS,2025,13065.59488,249684.9685,1.949138851,1
VNM_GXXXXX,Natural_gas,SMR_CCS,2030,13065.59488,249684.9685,1.847946943,1
VNM_GXXXXX,Natural_gas,SMR_CCS,2035,13065.59488,249684.9685,1.838475528,1
VNM_GXXXXX,Natural_gas,SMR_CCS,2040,13065.59488,249684.9685,1.829013776,1
VNM_GXXXXX,Natural_gas,SMR_CCS,2045,13065.59488,249684.9685,1.81956168,1
VNM_GXXXXX,Natural_gas,SMR_CCS,2050,13065.59488,249684.9685,1.810119232,1
VNM_GXXXXX,Natural_gas,ATR_CCS,2020,11650.7301,249684.9685,1.522462774,1
VNM_GXXXXX,Natural_gas,ATR_CCS,2025,11650.7301,249684.9685,1.46070838,1
VNM_GXXXXX,Natural_gas,ATR_CCS,2030,11650.7301,249684.9685,1.399002609,1
VNM_GXXXXX,Natural_gas,ATR_CCS,2035,11650.7301,249684.9685,1.391147467,1
VNM_GXXXXX,Natural_gas,ATR_CCS,2040,11650.7301,249684.9685,1.383302766,1
VNM_GXXXXX,Natural_gas,ATR_CCS,2045,11650.7301,249684.9685,1.3754685,1
VNM_GXXXXX,Natural_gas,ATR_CCS,2050,11650.7301,249684.9685,1.367644659,1
VNM_GXXXXX,Natural_gas,GHR_CCS,2020,11151.45993,249684.9685,1.483824849,1
VNM_GXXXXX,Natural_gas,GHR_CCS,2025,10763.96748,249684.9685,1.391524866,1
VNM_GXXXXX,Natural_gas,GHR_CCS,2030,10402.5,249684.9685,1.301612965,1
VNM_GXXXXX,Natural_gas,GHR_CCS,2035,10402.5,249684.9685,1.293196791,1
VNM_GXXXXX,Natural_gas,GHR_CCS,2040,10402.5,249684.9685,1.284791804,1
VNM_GXXXXX,Natural_gas,GHR_CCS,2045,10402.5,249684.9685,1.276397997,1
VNM_GXXXXX,Natural_gas,GHR_CCS,2050,10402.5,249684.9685,1.26801536,1
VNM_GXXXXX,Natural_gas,Pyrolysis,2020,17599.01599,257569.757,1.723448903,1
VNM_GXXXXX,Natural_gas,Pyrolysis,2025,17599.01599,257569.757,1.689697702,1
VNM_GXXXXX,Natural_gas,Pyrolysis,2030,17599.01599,257569.757,1.655995394,1
VNM_GXXXXX,Natural_gas,Pyrolysis,2035,17599.01599,257569.757,1.655837055,1
VNM_GXXXXX,Natural_gas,Pyrolysis,2040,17599.01599,257569.757,1.655678801,1
VNM_GXXXXX,Natural_gas,Pyrolysis,2045,17599.01599,257569.757,1.655520631,1
VNM_GXXXXX,Natural_gas,Pyrolysis,2050,17599.01599,257569.757,1.655362545,1
YEM_GXXXXX,Natural_gas,SMR_CCS,2020,13065.59488,249684.9685,2.253899502,1
YEM_GXXXXX,Natural_gas,SMR_CCS,2025,13065.59488,249684.9685,2.134092124,1
YEM_GXXXXX,Natural_gas,SMR_CCS,2030,13065.59488,249684.9685,2.014102275,1
YEM_GXXXXX,Natural_gas,SMR_CCS,2035,13065.59488,249684.9685,2.002824201,1
YEM_GXXXXX,Natural_gas,SMR_CCS,2040,13065.59488,249684.9685,1.99153633,1
YEM_GXXXXX,Natural_gas,SMR_CCS,2045,13065.59488,249684.9685,1.980238664,1
YEM_GXXXXX,Natural_gas,SMR_CCS,2050,13065.59488,249684.9685,1.968931206,1
YEM_GXXXXX,Natural_gas,ATR_CCS,2020,11650.7301,249684.9685,1.628868498,1
YEM_GXXXXX,Natural_gas,ATR_CCS,2025,11650.7301,249684.9685,1.557619359,1
YEM_GXXXXX,Natural_gas,ATR_CCS,2030,11650.7301,249684.9685,1.486275559,1
YEM_GXXXXX,Natural_gas,ATR_CCS,2035,11650.7301,249684.9685,1.476080887,1
YEM_GXXXXX,Natural_gas,ATR_CCS,2040,11650.7301,249684.9685,1.465875559,1
YEM_GXXXXX,Natural_gas,ATR_CCS,2045,11650.7301,249684.9685,1.455659579,1
YEM_GXXXXX,Natural_gas,ATR_CCS,2050,11650.7301,249684.9685,1.44543295,1
YEM_GXXXXX,Natural_gas,GHR_CCS,2020,11151.45993,249684.9685,1.594220832,1
YEM_GXXXXX,Natural_gas,GHR_CCS,2025,10763.96748,249684.9685,1.493544707,1
YEM_GXXXXX,Natural_gas,GHR_CCS,2030,10402.5,249684.9685,1.395119638,1
YEM_GXXXXX,Natural_gas,GHR_CCS,2035,10402.5,249684.9685,1.384196842,1
YEM_GXXXXX,Natural_gas,GHR_CCS,2040,10402.5,249684.9685,1.373262629,1
YEM_GXXXXX,Natural_gas,GHR_CCS,2045,10402.5,249684.9685,1.362317003,1
YEM_GXXXXX,Natural_gas,GHR_CCS,2050,10402.5,249684.9685,1.351359968,1
YEM_GXXXXX,Natural_gas,Pyrolysis,2020,17599.01599,257569.757,1.824789701,1
YEM_GXXXXX,Natural_gas,Pyrolysis,2025,17599.01599,257569.757,1.781321531,1
YEM_GXXXXX,Natural_gas,Pyrolysis,2030,17599.01599,257569.757,1.737760276,1
YEM_GXXXXX,Natural_gas,Pyrolysis,2035,17599.01599,257569.757,1.737923321,1
YEM_GXXXXX,Natural_gas,Pyrolysis,2040,17599.01599,257569.757,1.738086342,1
YEM_GXXXXX,Natural_gas,Pyrolysis,2045,17599.01599,257569.757,1.738249338,1
YEM_GXXXXX,Natural_gas,Pyrolysis,2050,17599.01599,257569.757,1.73841231,1
